%time,field.header.seq,field.header.stamp,field.header.frame_id,field.Latitude,field.Longitude,field.Altitude,field.Easting,field.Northing,field.Time,field.Zone,field.Fix,field.Letter
1582926685310477614,1,1582926685309961080,gps,42.3390023317,-71.0845301033,7.739,328279.919279,4689520.76717,215125.2,19,5,T
1582926685511496310,2,1582926685510924100,gps,42.3390013233,-71.0845307233,7.69,328279.865458,4689520.65645,215125.4,19,5,T
1582926685706214575,3,1582926685705358982,gps,42.3390002283,-71.0845316783,7.633,328279.783802,4689520.53679,215125.6,19,5,T
1582926685912419215,4,1582926685911950111,gps,42.3389992183,-71.0845326967,7.617,328279.697161,4689520.4267,215125.8,19,5,T
1582926686116915629,5,1582926686116257905,gps,42.3389980017,-71.084534165,7.559,328279.572885,4689520.29456,215126.0,19,5,T
1582926686312835668,6,1582926686312134027,gps,42.338996985,-71.0845356083,7.54,328279.451213,4689520.18458,215126.2,19,5,T
1582926686505384399,7,1582926686504688978,gps,42.3389958217,-71.08453703,7.497,328279.330927,4689520.05827,215126.4,19,5,T
1582926686710737697,8,1582926686710187911,gps,42.338994465,-71.084538495,7.451,328279.206545,4689519.91058,215126.6,19,5,T
1582926686909060680,9,1582926686908613920,gps,42.33899305,-71.0845398933,7.41,328279.087496,4689519.75628,215126.8,19,5,T
1582926687105711884,10,1582926687105034112,gps,42.338991715,-71.0845417467,7.369,328278.931181,4689519.61179,215127.0,19,5,T
1582926687308898838,11,1582926687308501958,gps,42.3389902867,-71.0845435783,7.326,328278.776396,4689519.45688,215127.2,19,5,T
1582926687504005200,12,1582926687503561019,gps,42.3389889717,-71.084545325,7.317,328278.628923,4689519.31439,215127.4,19,5,T
1582926687709111232,13,1582926687708589076,gps,42.338987375,-71.0845471467,7.24,328278.474505,4689519.14077,215127.6,19,5,T
1582926687903855338,14,1582926687903374910,gps,42.33898566,-71.0845488583,7.179,328278.328826,4689518.95379,215127.8,19,5,T
1582926688107520968,15,1582926688106909036,gps,42.3389841683,-71.0845506233,7.164,328278.179362,4689518.79171,215128.0,19,5,T
1582926688308780628,16,1582926688308393001,gps,42.3389825717,-71.0845525933,7.096,328278.012723,4689518.61839,215128.2,19,5,T
1582926688501713626,17,1582926688501257896,gps,42.3389811067,-71.0845545433,7.083,328277.848091,4689518.45965,215128.4,19,5,T
1582926688708413637,18,1582926688707237958,gps,42.3389796067,-71.0845564267,7.064,328277.688855,4689518.29689,215128.6,19,5,T
1582926688913911314,19,1582926688913192987,gps,42.3389779183,-71.084558135,7.016,328277.543523,4689518.11287,215128.8,19,5,T
1582926689107853251,20,1582926689107372045,gps,42.33897635,-71.084559775,7.022,328277.404148,4689517.94203,215129.0,19,5,T
1582926689299900701,21,1582926689299468040,gps,42.338974985,-71.0845615033,6.992,328277.258049,4689517.79395,215129.2,19,5,T
1582926689504143458,22,1582926689503714084,gps,42.3389733183,-71.0845633933,6.92,328277.09781,4689517.61269,215129.4,19,5,T
1582926689707849212,23,1582926689707366943,gps,42.3389715683,-71.0845653517,6.932,328276.931716,4689517.42232,215129.6,19,5,T
1582926689903381149,24,1582926689902353048,gps,42.3389698267,-71.0845672,6.911,328276.774705,4689517.23266,215129.8,19,5,T
1582926690117644896,25,1582926690116661071,gps,42.338967865,-71.0845689667,6.853,328276.623824,4689517.0184,215130.0,19,5,T
1582926690302837095,26,1582926690302294969,gps,42.3389661833,-71.0845708883,6.867,328276.460936,4689516.83554,215130.2,19,5,T
1582926690506573006,27,1582926690506155014,gps,42.3389644733,-71.0845727,6.825,328276.307033,4689516.64932,215130.4,19,5,T
1582926690709502168,28,1582926690709089040,gps,42.338962665,-71.0845746017,6.794,328276.145447,4689516.45236,215130.6,19,5,T
1582926690907889077,29,1582926690907458066,gps,42.3389609067,-71.0845764033,6.791,328275.992236,4689516.26075,215130.8,19,5,T
1582926691110189740,30,1582926691109622955,gps,42.3389591167,-71.084578555,6.75,328275.810105,4689516.06633,215131.0,19,5,T
1582926691303029133,31,1582926691302620887,gps,42.338957335,-71.0845807533,6.731,328275.624152,4689515.87293,215131.2,19,5,T
1582926691506825879,32,1582926691506428956,gps,42.3389558183,-71.0845827583,6.673,328275.454848,4689515.70856,215131.4,19,5,T
1582926691703142047,33,1582926691702167987,gps,42.3389543433,-71.0845844617,6.615,328275.310509,4689515.54821,215131.6,19,5,T
1582926691909309776,34,1582926691908736944,gps,42.338952915,-71.084585985,6.63,328275.181126,4689515.39268,215131.8,19,5,T
1582926692102738799,35,1582926692102180004,gps,42.338951445,-71.0845878917,6.565,328275.020049,4689515.2333,215132.0,19,5,T
1582926692308444523,36,1582926692307768106,gps,42.338949965,-71.08458989,6.5,328274.851394,4689515.073,215132.2,19,5,T
1582926692502335459,37,1582926692501775979,gps,42.3389485667,-71.0845919217,6.491,328274.680215,4689514.92182,215132.4,19,5,T
1582926692704713835,38,1582926692704180002,gps,42.3389469483,-71.084593865,6.422,328274.515714,4689514.74605,215132.6,19,5,T
1582926692909179697,39,1582926692908092021,gps,42.3389452483,-71.0845959,6.374,328274.34344,4689514.56138,215132.8,19,5,T
1582926693104479481,40,1582926693103655099,gps,42.3389435717,-71.0845976417,6.396,328274.195394,4689514.37872,215133.0,19,5,T
1582926693307709003,41,1582926693307173013,gps,42.3389418933,-71.0845996767,6.344,328274.023178,4689514.19646,215133.2,19,5,T
1582926693505036806,42,1582926693503892898,gps,42.338940175,-71.0846016133,6.298,328273.858954,4689514.00957,215133.4,19,5,T
1582926693706408552,43,1582926693705929994,gps,42.3389385133,-71.084603525,6.27,328273.696944,4689513.82891,215133.6,19,5,T
1582926693902726751,44,1582926693902168035,gps,42.3389367767,-71.0846056533,6.226,328273.51688,4689513.64037,215133.8,19,5,T
1582926694108565028,45,1582926694107399940,gps,42.3389349317,-71.0846079383,6.209,328273.323615,4689513.44011,215134.0,19,5,T
1582926694308693179,46,1582926694308298110,gps,42.33893339,-71.08460979,6.191,328273.166874,4689513.27266,215134.2,19,5,T
1582926694503249294,47,1582926694502701044,gps,42.3389314617,-71.0846117467,6.122,328273.000431,4689513.06248,215134.4,19,5,T
1582926694711034145,48,1582926694709820985,gps,42.3389297183,-71.08461399,6.116,328272.810875,4689512.87343,215134.6,19,5,T
1582926694902492347,49,1582926694901912927,gps,42.338927845,-71.084616165,6.059,328272.626595,4689512.6698,215134.8,19,5,T
1582926695105211468,50,1582926695104552030,gps,42.338926095,-71.08461833,5.992,328272.443475,4689512.47985,215135.0,19,5,T
1582926695304922192,51,1582926695304526090,gps,42.33892445,-71.0846202467,6.023,328272.281098,4689512.30106,215135.2,19,5,T
1582926695507737859,52,1582926695507236003,gps,42.3389225933,-71.084622245,5.987,328272.111417,4689512.09893,215135.4,19,5,T
1582926695700928042,53,1582926695700287103,gps,42.3389208433,-71.084624205,5.961,328271.945185,4689511.90856,215135.6,19,5,T
1582926695903674860,54,1582926695903281927,gps,42.33891911,-71.0846261133,5.971,328271.783254,4689511.71994,215135.8,19,5,T
1582926696098302782,55,1582926696097771883,gps,42.3389172933,-71.0846280333,5.917,328271.620135,4689511.52209,215136.0,19,5,T
1582926696302683262,56,1582926696302229881,gps,42.3389155417,-71.0846300517,5.925,328271.449093,4689511.33166,215136.2,19,5,T
1582926696503054807,57,1582926696502633094,gps,42.3389136967,-71.084632165,5.917,328271.26997,4689511.13105,215136.4,19,5,T
1582926696708302899,58,1582926696707777976,gps,42.3389117217,-71.0846342817,5.826,328271.090218,4689510.91602,215136.6,19,5,T
1582926696901895594,59,1582926696901127099,gps,42.3389099183,-71.0846363217,5.81,328270.91725,4689510.71989,215136.8,19,5,T
1582926697107050815,60,1582926697106471061,gps,42.3389081183,-71.0846383133,5.778,328270.748273,4689510.52404,215137.0,19,5,T
1582926697298411565,61,1582926697297879934,gps,42.33890652,-71.0846403383,5.713,328270.577098,4689510.35065,215137.2,19,5,T
1582926697500023750,62,1582926697499420881,gps,42.3389049667,-71.0846424217,5.748,328270.401241,4689510.18237,215137.4,19,5,T
1582926697706252736,63,1582926697705537080,gps,42.3389033067,-71.0846446583,5.715,328270.212461,4689510.00256,215137.6,19,5,T
1582926697899489048,64,1582926697898916006,gps,42.3389015083,-71.0846469067,5.647,328270.022343,4689509.80741,215137.8,19,5,T
1582926698103768979,65,1582926698103019952,gps,42.338899985,-71.0846489517,5.664,328269.849725,4689509.64238,215138.0,19,5,T
1582926698307995828,66,1582926698307410001,gps,42.3388983533,-71.0846510867,5.605,328269.669398,4689509.46551,215138.2,19,5,T
1582926698501549483,67,1582926698501080036,gps,42.3388966233,-71.08465354,5.551,328269.462578,4689509.27836,215138.4,19,5,T
1582926698705859514,68,1582926698705039024,gps,42.3388950833,-71.0846554017,5.576,328269.305018,4689509.11112,215138.6,19,5,T
1582926698908061884,69,1582926698907543897,gps,42.338893435,-71.08465689,5.504,328269.177919,4689508.93109,215138.8,19,5,T
1582926699104095723,70,1582926699103564977,gps,42.3388918067,-71.084658305,5.466,328269.056916,4689508.75313,215139.0,19,5,T
1582926699315540208,71,1582926699315012931,gps,42.3388902933,-71.08465954,5.444,328268.951055,4689508.58758,215139.2,19,5,T
1582926699507129570,72,1582926699506593942,gps,42.338888715,-71.0846601133,5.375,328268.899526,4689508.41348,215139.4,19,5,T
1582926699709824242,73,1582926699709289073,gps,42.338887335,-71.08466039,5.314,328268.872976,4689508.2608,215139.6,19,5,T
1582926699914375268,74,1582926699913935899,gps,42.338886345,-71.0846600817,5.294,328268.895682,4689508.15024,215139.8,19,5,T
1582926700107793007,75,1582926700107372999,gps,42.3388856583,-71.0846593367,5.218,328268.955188,4689508.07249,215140.0,19,5,T
1582926700300317206,76,1582926700299761056,gps,42.3388850117,-71.084658585,5.185,328269.015351,4689507.99916,215140.2,19,5,T
1582926700504064689,77,1582926700503612041,gps,42.3388844983,-71.0846575183,5.106,328269.101827,4689507.94001,215140.4,19,5,T
1582926700709700921,78,1582926700709287881,gps,42.3388843733,-71.0846559317,5.096,328269.2322,4689507.92292,215140.6,19,5,T
1582926700903183828,79,1582926700902718067,gps,42.33888326,-71.0846545917,5.041,328269.339561,4689507.79659,215140.8,19,5,T
1582926701110706747,80,1582926701108151912,gps,42.3388819117,-71.0846528683,5.051,328269.477862,4689507.64339,215141.0,19,5,T
1582926701302607956,81,1582926701302212953,gps,42.3388804467,-71.084651095,5.037,328269.619964,4689507.47713,215141.2,19,5,T
1582926701505519598,82,1582926701505148887,gps,42.338878935,-71.0846488867,4.966,328269.797775,4689507.30481,215141.4,19,5,T
1582926701709687097,83,1582926701708339929,gps,42.338877345,-71.08464661,4.957,328269.981003,4689507.12365,215141.6,19,5,T
1582926701900819251,84,1582926701900408029,gps,42.3388755417,-71.08464435,4.925,328270.162277,4689506.91884,215141.8,19,5,T
1582926702103703293,85,1582926702103349924,gps,42.338873855,-71.0846419583,4.868,328270.354715,4689506.72672,215142.0,19,5,T
1582926702306266804,86,1582926702305866003,gps,42.3388721,-71.0846397683,4.877,328270.530354,4689506.52742,215142.2,19,5,T
1582926702496622807,87,1582926702496260881,gps,42.3388703667,-71.084637525,4.824,328270.710446,4689506.33041,215142.4,19,5,T
1582926702698286380,88,1582926702697892904,gps,42.3388686667,-71.084635015,4.761,328270.912596,4689506.13657,215142.6,19,5,T
1582926702897731344,89,1582926702897263050,gps,42.338867115,-71.0846326533,4.795,328271.102931,4689505.9595,215142.8,19,5,T
1582926703100636879,90,1582926703100255012,gps,42.33886547,-71.0846303267,4.726,328271.290128,4689505.77214,215143.0,19,5,T
1582926703302501028,91,1582926703302150011,gps,42.338863755,-71.08462788,4.69,328271.48702,4689505.57676,215143.2,19,5,T
1582926703505463019,92,1582926703505095958,gps,42.3388621817,-71.0846254267,4.72,328271.684848,4689505.3971,215143.4,19,5,T
1582926703697306254,93,1582926703696909904,gps,42.3388606983,-71.08462255,4.624,328271.917795,4689505.22657,215143.6,19,5,T
1582926703901531093,94,1582926703901109933,gps,42.3388594,-71.0846201733,4.603,328272.110055,4689505.0776,215143.8,19,5,T
1582926704117893091,95,1582926704117368936,gps,42.3388579083,-71.0846175933,4.597,328272.31854,4689504.90676,215144.0,19,5,T
1582926704313818914,96,1582926704313386917,gps,42.3388565883,-71.0846149667,4.524,328272.531336,4689504.75487,215144.2,19,5,T
1582926704506250595,97,1582926704505505084,gps,42.338855085,-71.084612335,4.533,328272.744045,4689504.58263,215144.4,19,5,T
1582926704705907726,98,1582926704705454111,gps,42.3388535267,-71.0846100083,4.535,328272.931478,4689504.40489,215144.6,19,5,T
1582926704911031539,99,1582926704910327911,gps,42.3388519467,-71.0846076267,4.471,328273.123384,4689504.22463,215144.8,19,5,T
1582926705104193689,100,1582926705103768110,gps,42.3388505917,-71.0846052783,4.495,328273.313155,4689504.06942,215145.0,19,5,T
1582926705309103995,101,1582926705308456897,gps,42.3388488283,-71.0846030917,4.446,328273.488497,4689503.8692,215145.2,19,5,T
1582926705511866479,102,1582926705511300086,gps,42.338847115,-71.0846008233,4.418,328273.670702,4689503.67437,215145.4,19,5,T
1582926705705174160,103,1582926705704608917,gps,42.33884556,-71.0845984967,4.433,328273.858145,4689503.497,215145.6,19,5,T
1582926705909359646,104,1582926705908972978,gps,42.3388441117,-71.0845963717,4.359,328274.029264,4689503.33188,215145.8,19,5,T
1582926706103029455,105,1582926706102628946,gps,42.3388424917,-71.0845940683,4.358,328274.214607,4689503.14734,215146.0,19,5,T
1582926706315539049,106,1582926706315042972,gps,42.3388408717,-71.0845917633,4.33,328274.400087,4689502.9628,215146.2,19,5,T
1582926706508370804,107,1582926706507903099,gps,42.3388393583,-71.0845894917,4.28,328274.583112,4689502.79016,215146.4,19,5,T
1582926706712916243,108,1582926706712338924,gps,42.3388377883,-71.08458705,4.275,328274.779987,4689502.6109,215146.6,19,5,T
1582926706910563174,109,1582926706909940004,gps,42.3388363933,-71.0845847183,4.274,328274.968277,4689502.45128,215146.8,19,5,T
1582926707104218434,110,1582926707103688001,gps,42.3388349633,-71.0845822283,4.214,328275.169515,4689502.28746,215147.0,19,5,T
1582926707303790933,111,1582926707303320884,gps,42.338833685,-71.0845799633,4.231,328275.35263,4689502.14094,215147.2,19,5,T
1582926707506624152,112,1582926707506170034,gps,42.33883243,-71.084577415,4.198,328275.559151,4689501.99644,215147.4,19,5,T
1582926707709901475,113,1582926707709311962,gps,42.3388310367,-71.084574905,4.182,328275.762137,4689501.83665,215147.6,19,5,T
1582926707910754814,114,1582926707910188913,gps,42.338829515,-71.084572225,4.218,328275.978778,4689501.66226,215147.8,19,5,T
1582926708113006539,115,1582926708112483024,gps,42.33882806,-71.084569605,4.148,328276.190658,4689501.49541,215148.0,19,5,T
1582926708304677509,116,1582926708304147005,gps,42.3388264633,-71.0845669283,4.124,328276.406821,4689501.3127,215148.2,19,5,T
1582926708506880482,117,1582926708506498098,gps,42.3388249383,-71.084564595,4.145,328276.594894,4689501.13865,215148.4,19,5,T
1582926708711656235,118,1582926708711134910,gps,42.3388234967,-71.0845621733,4.074,328276.790471,4689500.97367,215148.6,19,5,T
1582926708904592555,119,1582926708904057979,gps,42.338821945,-71.0845598,4.08,328276.981767,4689500.79658,215148.8,19,5,T
1582926709109510228,120,1582926709108771085,gps,42.33882061,-71.0845572133,4.107,328277.191228,4689500.64312,215149.0,19,5,T
1582926709301448336,121,1582926709301033020,gps,42.3388194117,-71.08455477,4.044,328277.389252,4689500.50511,215149.2,19,5,T
1582926709505060261,122,1582926709504461050,gps,42.3388181933,-71.084552195,4.04,328277.598069,4689500.36463,215149.4,19,5,T
1582926709697897615,123,1582926709697340965,gps,42.3388169433,-71.0845498917,4.025,328277.78442,4689500.22117,215149.6,19,5,T
1582926709897022945,124,1582926709896616935,gps,42.3388154717,-71.084547565,3.983,328277.972089,4689500.05306,215149.8,19,5,T
1582926710106822437,125,1582926710106417894,gps,42.338813985,-71.084545255,3.999,328278.158344,4689499.88331,215150.0,19,5,T
1582926710298112950,126,1582926710297530889,gps,42.3388126733,-71.08454307,4.01,328278.334778,4689499.73325,215150.2,19,5,T
1582926710500408872,127,1582926710499975919,gps,42.3388112133,-71.0845408183,3.957,328278.516301,4689499.56658,215150.4,19,5,T
1582926710703163654,128,1582926710702768087,gps,42.33880983,-71.084538575,3.97,328278.697345,4689499.40844,215150.6,19,5,T
1582926710906089770,129,1582926710905472993,gps,42.3388089933,-71.084536505,3.975,328278.865599,4689499.31135,215150.8,19,5,T
1582926711108083160,130,1582926711107626914,gps,42.33880828,-71.084533875,3.93,328279.080321,4689499.22683,215151.0,19,5,T
1582926711309912530,131,1582926711309451103,gps,42.338807835,-71.0845313233,3.916,328279.289322,4689499.17226,215151.2,19,5,T
1582926711500265028,132,1582926711499672889,gps,42.3388079217,-71.0845291967,3.92,328279.464757,4689499.17759,215151.4,19,5,T
1582926711703489770,133,1582926711703118085,gps,42.3388081367,-71.0845274817,3.89,328279.606627,4689499.198,215151.6,19,5,T
1582926711907354370,134,1582926711906955957,gps,42.3388085817,-71.08452615,3.875,328279.717544,4689499.24473,215151.8,19,5,T
1582926712104817266,135,1582926712104413032,gps,42.3388092367,-71.0845250183,3.849,328279.812556,4689499.31517,215152.0,19,5,T
1582926712302951217,136,1582926712302468061,gps,42.338810255,-71.0845234483,3.804,328279.944667,4689499.42508,215152.2,19,5,T
1582926712506412687,137,1582926712505965948,gps,42.3388110333,-71.0845218183,3.797,328280.081069,4689499.50822,215152.4,19,5,T
1582926712702891415,138,1582926712702502965,gps,42.33881228,-71.084519975,3.824,328280.23632,4689499.64293,215152.6,19,5,T
1582926712909773409,139,1582926712909373998,gps,42.3388137183,-71.0845182083,3.796,328280.385777,4689499.79907,215152.8,19,5,T
1582926713106305978,140,1582926713105889081,gps,42.338815255,-71.0845162333,3.747,328280.552664,4689499.96572,215153.0,19,5,T
1582926713300510956,141,1582926713300059080,gps,42.3388167483,-71.08451433,3.731,328280.71353,4689500.1277,215153.2,19,5,T
1582926713507733096,142,1582926713507333993,gps,42.3388182383,-71.084512265,3.664,328280.887704,4689500.28898,215153.4,19,5,T
1582926713710652746,143,1582926713710228919,gps,42.3388199633,-71.08451,3.656,328281.078995,4689500.47596,215153.6,19,5,T
1582926713906542788,144,1582926713906116008,gps,42.3388215617,-71.084508,3.677,328281.24811,4689500.6494,215153.8,19,5,T
1582926714115129553,145,1582926714114016056,gps,42.3388232583,-71.0845058017,3.626,328281.433832,4689500.83336,215154.0,19,5,T
1582926714309165044,146,1582926714308526039,gps,42.3388248167,-71.084503715,3.617,328281.609977,4689501.00219,215154.2,19,5,T
1582926714502890276,147,1582926714502368927,gps,42.3388266367,-71.0845017417,3.619,328281.777499,4689501.2003,215154.4,19,5,T
1582926714708402624,148,1582926714707875967,gps,42.3388282633,-71.084499475,3.587,328281.968659,4689501.37635,215154.6,19,5,T
1582926714903612993,149,1582926714903145074,gps,42.3388299017,-71.0844973583,3.599,328282.147494,4689501.554,215154.8,19,5,T
1582926715108149841,150,1582926715107695102,gps,42.3388316017,-71.084495225,3.584,328282.32787,4689501.73847,215155.0,19,5,T
1582926715302606835,151,1582926715302078962,gps,42.338833275,-71.0844929483,3.574,328282.519981,4689501.91968,215155.2,19,5,T
1582926715506991826,152,1582926715506577014,gps,42.338834855,-71.084491075,3.564,328282.678611,4689502.09134,215155.4,19,5,T
1582926715698936366,153,1582926715698404073,gps,42.3388364467,-71.0844890583,3.56,328282.849081,4689502.26401,215155.6,19,5,T
1582926715902651919,154,1582926715902128934,gps,42.338838085,-71.0844867967,3.566,328283.039861,4689502.44137,215155.8,19,5,T
1582926716108726419,155,1582926716108318090,gps,42.3388396117,-71.084484765,3.578,328283.211389,4689502.60679,215156.0,19,5,T
1582926716303757225,156,1582926716303152084,gps,42.338841205,-71.0844825667,3.586,328283.39683,4689502.77928,215156.2,19,5,T
1582926716510065299,157,1582926716509665966,gps,42.3388429117,-71.0844805283,3.577,328283.569397,4689502.96468,215156.4,19,5,T
1582926716706766210,158,1582926716705864906,gps,42.3388444883,-71.0844787033,3.584,328283.724036,4689503.13607,215156.6,19,5,T
1582926716900164952,159,1582926716899682998,gps,42.3388460933,-71.0844768217,3.596,328283.883421,4689503.31049,215156.8,19,5,T
1582926717107796900,160,1582926717107259988,gps,42.3388478017,-71.0844748483,3.6,328284.050638,4689503.4962,215157.0,19,5,T
1582926717312523924,161,1582926717311976909,gps,42.3388494783,-71.0844726667,3.63,328284.234932,4689503.67798,215157.2,19,5,T
1582926717504152915,162,1582926717503601074,gps,42.33885131,-71.0844708667,3.57,328284.388205,4689503.87773,215157.4,19,5,T
1582926717709638577,163,1582926717709240913,gps,42.33885304,-71.0844688767,3.592,328284.556855,4689504.06582,215157.6,19,5,T
1582926717902152963,164,1582926717901741981,gps,42.338854595,-71.0844668633,3.621,328284.72695,4689504.23442,215157.8,19,5,T
1582926718108575135,165,1582926718108046054,gps,42.338856455,-71.0844645683,3.585,328284.921079,4689504.43633,215158.0,19,5,T
1582926718312151458,166,1582926718311553001,gps,42.3388581833,-71.0844626133,3.613,328285.086841,4689504.6243,215158.2,19,5,T
1582926718504279181,167,1582926718503688097,gps,42.3388598933,-71.08446068,3.626,328285.250767,4689504.81028,215158.4,19,5,T
1582926718707066880,168,1582926718706657886,gps,42.33886151,-71.0844583817,3.591,328285.444509,4689504.98515,215158.6,19,5,T
1582926718910588756,169,1582926718910092115,gps,42.3388632817,-71.0844559967,3.626,328285.645812,4689505.17707,215158.8,19,5,T
1582926719109341563,170,1582926719108941078,gps,42.3388648467,-71.084454075,3.597,328285.808383,4689505.34697,215159.0,19,5,T
1582926719302468413,171,1582926719301933050,gps,42.3388664617,-71.08445178,3.584,328286.001846,4689505.52167,215159.2,19,5,T
1582926719506203197,172,1582926719505750894,gps,42.3388680217,-71.0844496,3.631,328286.185685,4689505.69049,215159.4,19,5,T
1582926719710405185,173,1582926719709949970,gps,42.3388695217,-71.084447595,3.629,328286.354944,4689505.853,215159.6,19,5,T
1582926719908336209,174,1582926719907763957,gps,42.338871295,-71.0844456117,3.599,328286.523161,4689506.04591,215159.8,19,5,T
1582926720111565900,175,1582926720111150979,gps,42.3388728467,-71.0844436483,3.612,328286.689128,4689506.21425,215200.0,19,5,T
1582926720305758821,176,1582926720305187940,gps,42.3388745417,-71.08444166,3.619,328286.857545,4689506.39845,215200.2,19,5,T
1582926720512368417,177,1582926720511900901,gps,42.3388762017,-71.0844396117,3.618,328287.030809,4689506.57865,215200.4,19,5,T
1582926720704852631,178,1582926720704463958,gps,42.3388777783,-71.0844374533,3.665,328287.212908,4689506.74936,215200.6,19,5,T
1582926720914117938,179,1582926720913723945,gps,42.3388794033,-71.08443562,3.627,328287.368365,4689506.92611,215200.8,19,5,T
1582926721108571186,180,1582926721108033895,gps,42.33888111,-71.0844336283,3.62,328287.537088,4689507.1116,215201.0,19,5,T
1582926721300898358,181,1582926721300477981,gps,42.3388826933,-71.08443151,3.666,328287.71591,4689507.28313,215201.2,19,5,T
1582926721501294963,182,1582926721500860929,gps,42.33888431,-71.08442946,3.599,328287.889194,4689507.45851,215201.4,19,5,T
1582926721705537163,183,1582926721704683065,gps,42.33888594,-71.084427395,3.636,328288.063749,4689507.63534,215201.6,19,5,T
1582926721912952025,184,1582926721912507057,gps,42.3388875417,-71.084425255,3.679,328288.244406,4689507.80887,215201.8,19,5,T
1582926722109859376,185,1582926722109066009,gps,42.3388891,-71.08442306,3.609,328288.429477,4689507.97748,215202.0,19,5,T
1582926722303550827,186,1582926722303006887,gps,42.33889068,-71.0844210133,3.628,328288.602386,4689508.1488,215202.2,19,5,T
1582926722505146317,187,1582926722504688978,gps,42.3388922767,-71.0844191583,3.655,328288.75955,4689508.32235,215202.4,19,5,T
1582926722701989733,188,1582926722701389074,gps,42.3388938233,-71.0844172467,3.618,328288.921247,4689508.49023,215202.6,19,5,T
1582926722907386173,189,1582926722906759023,gps,42.3388955883,-71.0844152017,3.632,328289.094522,4689508.68209,215202.8,19,5,T
1582926723101452077,190,1582926723100915908,gps,42.3388971667,-71.0844131133,3.655,328289.270859,4689508.85314,215203.0,19,5,T
1582926723303796571,191,1582926723303364038,gps,42.3388989933,-71.0844110317,3.63,328289.447323,4689509.05177,215203.2,19,5,T
1582926723508296455,192,1582926723507767915,gps,42.33890043,-71.0844088883,3.655,328289.627806,4689509.20697,215203.4,19,5,T
1582926723702696343,193,1582926723702162027,gps,42.3389019483,-71.0844068567,3.67,328289.799311,4689509.37147,215203.6,19,5,T
1582926723906365665,194,1582926723905823945,gps,42.33890327,-71.0844045367,3.631,328289.994035,4689509.51355,215203.8,19,5,T
1582926724109554874,195,1582926724109116077,gps,42.3389047917,-71.08440238,3.706,328290.175847,4689509.67816,215204.0,19,5,T
1582926724304173817,196,1582926724303638935,gps,42.33890633,-71.0844006217,3.657,328290.324889,4689509.84543,215204.2,19,5,T
1582926724510204374,197,1582926724509763002,gps,42.3389077083,-71.0843984667,3.665,328290.506174,4689509.99413,215204.4,19,5,T
1582926724701842046,198,1582926724701416969,gps,42.338909285,-71.084396575,3.746,328290.666304,4689510.16539,215204.6,19,5,T
1582926724910234779,199,1582926724909648895,gps,42.3389108283,-71.0843944833,3.662,328290.842821,4689510.33254,215204.8,19,5,T
1582926725104392466,200,1582926725103780984,gps,42.3389124533,-71.084392105,3.688,328291.043175,4689510.50818,215205.0,19,5,T
1582926725307794512,201,1582926725307193994,gps,42.3389140667,-71.0843899617,3.741,328291.224139,4689510.683,215205.2,19,5,T
1582926725509722041,202,1582926725509304046,gps,42.3389156733,-71.0843878067,3.662,328291.406045,4689510.85706,215205.4,19,5,T
1582926725707870137,203,1582926725707326889,gps,42.338917395,-71.0843854733,3.681,328291.602956,4689511.04352,215205.6,19,5,T
1582926725908213602,204,1582926725907676935,gps,42.338919025,-71.0843832767,3.704,328291.788358,4689511.22008,215205.8,19,5,T
1582926726110693184,205,1582926726110244035,gps,42.3389206567,-71.0843808867,3.673,328291.989692,4689511.39644,215206.0,19,5,T
1582926726309406924,206,1582926726308826923,gps,42.3389223683,-71.084378505,3.664,328292.190557,4689511.5817,215206.2,19,5,T
1582926726505079584,207,1582926726504539966,gps,42.338924165,-71.0843767883,3.688,328292.33687,4689511.77774,215206.4,19,5,T
1582926726709694050,208,1582926726709151029,gps,42.3389260533,-71.084374825,3.654,328292.503753,4689511.98346,215206.6,19,5,T
1582926726904237483,209,1582926726903709888,gps,42.3389274917,-71.0843729267,3.687,328292.664056,4689512.13934,215206.8,19,5,T
1582926727112769453,210,1582926727112195014,gps,42.3389292233,-71.0843708817,3.677,328292.83724,4689512.3275,215207.0,19,5,T
1582926727305344056,211,1582926727304816007,gps,42.3389310433,-71.0843686783,3.648,328293.023709,4689512.52515,215207.2,19,5,T
1582926727509166533,212,1582926727508655071,gps,42.3389326683,-71.0843668267,3.689,328293.180676,4689512.70185,215207.4,19,5,T
1582926727706797638,213,1582926727706417083,gps,42.338934475,-71.0843650217,3.658,328293.334293,4689512.89883,215207.6,19,5,T
1582926727910378447,214,1582926727909970998,gps,42.338936055,-71.0843630733,3.664,328293.499101,4689513.07034,215207.8,19,5,T
1582926728107082161,215,1582926728106647014,gps,42.3389375717,-71.0843609733,3.674,328293.676231,4689513.23451,215208.0,19,5,T
1582926728308515174,216,1582926728308135032,gps,42.338939235,-71.0843587183,3.649,328293.866529,4689513.41466,215208.2,19,5,T
1582926728502552977,217,1582926728502151012,gps,42.338940815,-71.0843566417,3.695,328294.04191,4689513.58591,215208.4,19,5,T
1582926728710179544,218,1582926728709795951,gps,42.3389424317,-71.0843546733,3.7,328294.208465,4689513.76146,215208.6,19,5,T
1582926728906532079,219,1582926728906094074,gps,42.338943995,-71.084352635,3.693,328294.380642,4689513.93094,215208.8,19,5,T
1582926729112754087,220,1582926729112205982,gps,42.33894558,-71.0843507683,3.739,328294.538736,4689514.10317,215209.0,19,5,T
1582926729308035138,221,1582926729307493925,gps,42.338947095,-71.0843489867,3.688,328294.689636,4689514.2678,215209.2,19,5,T
1582926729501874106,222,1582926729501367092,gps,42.3389487483,-71.0843469,3.703,328294.86604,4689514.44718,215209.4,19,5,T
1582926729706866849,223,1582926729706440925,gps,42.3389503667,-71.084344965,3.756,328295.029854,4689514.62297,215209.6,19,5,T
1582926729912596030,224,1582926729912113904,gps,42.338952055,-71.0843430183,3.693,328295.194819,4689514.80652,215209.8,19,5,T
1582926730108273442,225,1582926730107907056,gps,42.33895364,-71.0843409933,3.73,328295.365957,4689514.97843,215210.0,19,5,T
1582926730308614483,226,1582926730308202028,gps,42.338955105,-71.0843390367,3.737,328295.531138,4689515.13716,215210.2,19,5,T
1582926730510722465,227,1582926730510281085,gps,42.3389566933,-71.084336705,3.695,328295.727548,4689515.30882,215210.4,19,5,T
1582926730707466192,228,1582926730706723928,gps,42.338958265,-71.0843345667,3.73,328295.907986,4689515.47902,215210.6,19,5,T
1582926730909268168,229,1582926730908821105,gps,42.33895983,-71.08433256,3.722,328296.077558,4689515.64875,215210.8,19,5,T
1582926731106309429,230,1582926731105102062,gps,42.3389614467,-71.08433028,3.666,328296.269789,4689515.82367,215211.0,19,5,T
1582926731311682814,231,1582926731311264991,gps,42.3389631617,-71.084328175,3.681,328296.447871,4689516.00985,215211.2,19,5,T
1582926731508828053,232,1582926731508424997,gps,42.3389648683,-71.0843262133,3.676,328296.614122,4689516.1954,215211.4,19,5,T
1582926731712461928,233,1582926731712030887,gps,42.3389663467,-71.0843243033,3.649,328296.775495,4689516.35571,215211.6,19,5,T
1582926731922494970,234,1582926731921955108,gps,42.3389679733,-71.08432213,3.717,328296.958966,4689516.53195,215211.8,19,5,T
1582926732118057493,235,1582926732117482900,gps,42.3389696033,-71.0843201233,3.682,328297.128715,4689516.70889,215212.0,19,5,T
1582926732315386959,236,1582926732314825057,gps,42.3389712783,-71.0843180033,3.684,328297.307924,4689516.89061,215212.2,19,5,T
1582926732509922758,237,1582926732509254932,gps,42.3389727983,-71.08431602,3.704,328297.475452,4689517.05539,215212.4,19,5,T
1582926732704058687,238,1582926732703530073,gps,42.3389743167,-71.0843137167,3.69,328297.669337,4689517.21933,215212.6,19,5,T
1582926732914596988,239,1582926732914186954,gps,42.3389759,-71.0843115617,3.716,328297.85118,4689517.3908,215212.8,19,5,T
1582926733109241280,240,1582926733108596086,gps,42.3389776483,-71.084309605,3.742,328298.017132,4689517.58099,215213.0,19,5,T
1582926733307240258,241,1582926733306838035,gps,42.3389793683,-71.0843075333,3.699,328298.192481,4689517.7678,215213.2,19,5,T
1582926733504013304,242,1582926733503587007,gps,42.3389809433,-71.084305565,3.729,328298.358923,4689517.93871,215213.4,19,5,T
1582926733710213657,243,1582926733709646940,gps,42.3389825567,-71.084303605,3.731,328298.524783,4689518.1139,215213.6,19,5,T
1582926733915996861,244,1582926733915393114,gps,42.3389840333,-71.084301795,3.669,328298.677913,4689518.27422,215213.8,19,5,T
1582926734114982644,245,1582926734114200115,gps,42.3389855633,-71.0842998333,3.744,328298.843683,4689518.44016,215214.0,19,5,T
1582926734299854864,246,1582926734299302101,gps,42.3389870517,-71.0842978067,3.742,328299.014694,4689518.60133,215214.2,19,5,T
1582926734503553561,247,1582926734502800941,gps,42.3389885417,-71.084295955,3.727,328299.171293,4689518.76305,215214.4,19,5,T
1582926734706040643,248,1582926734705476999,gps,42.3389901983,-71.0842940367,3.762,328299.333838,4689518.94313,215214.6,19,5,T
1582926734918484438,249,1582926734918081998,gps,42.3389918567,-71.084291935,3.706,328299.511491,4689519.12303,215214.8,19,5,T
1582926735105128003,250,1582926735104589939,gps,42.338993485,-71.0842899667,3.71,328299.678078,4689519.29987,215215.0,19,5,T
1582926735310419954,251,1582926735309900999,gps,42.33899517,-71.0842882017,3.737,328299.828068,4689519.48341,215215.2,19,5,T
1582926735502941950,252,1582926735502471923,gps,42.3389969467,-71.084286195,3.693,328299.998217,4689519.67665,215215.4,19,5,T
1582926735708304508,253,1582926735707870006,gps,42.3389987833,-71.0842843233,3.7,328300.157407,4689519.87682,215215.6,19,5,T
1582926735915537581,254,1582926735915152072,gps,42.3390004083,-71.0842822967,3.699,328300.32879,4689520.05317,215215.8,19,5,T
1582926736111083511,255,1582926736110614061,gps,42.33900191,-71.0842799933,3.687,328300.52263,4689520.21527,215216.0,19,5,T
1582926736308132149,256,1582926736306816101,gps,42.33900348,-71.0842779717,3.733,328300.693452,4689520.38552,215216.2,19,5,T
1582926736510964349,257,1582926736510526895,gps,42.3390050267,-71.084275845,3.754,328300.87286,4689520.55297,215216.4,19,5,T
1582926736703147204,258,1582926736702753067,gps,42.3390066617,-71.084273855,3.689,328301.04125,4689520.73051,215216.6,19,5,T
1582926736916551042,259,1582926736916129112,gps,42.3390083817,-71.084271855,3.742,328301.210695,4689520.91746,215216.8,19,5,T
1582926737111276127,260,1582926737110862016,gps,42.3390097867,-71.08427006,3.736,328301.362394,4689521.06985,215217.0,19,5,T
1582926737304469540,261,1582926737303939104,gps,42.3390114517,-71.0842679867,3.701,328301.537731,4689521.25055,215217.2,19,5,T
1582926737510399781,262,1582926737509854078,gps,42.3390130933,-71.0842661917,3.747,328301.690075,4689521.42922,215217.4,19,5,T
1582926737705381407,263,1582926737704523086,gps,42.3390148483,-71.0842645267,3.724,328301.832017,4689521.62074,215217.6,19,5,T
1582926737911607270,264,1582926737911024093,gps,42.3390164083,-71.0842626817,3.68,328301.988257,4689521.79024,215217.8,19,5,T
1582926738118052228,265,1582926738117522954,gps,42.3390181517,-71.0842610067,3.707,328302.130992,4689521.98044,215218.0,19,5,T
1582926738304208349,266,1582926738303674936,gps,42.339019755,-71.0842592967,3.671,328302.276229,4689522.15502,215218.2,19,5,T
1582926738506646948,267,1582926738506234884,gps,42.33902141,-71.0842574367,3.628,328302.433963,4689522.33504,215218.4,19,5,T
1582926738704490370,268,1582926738703715085,gps,42.3390230033,-71.0842560367,3.667,328302.553634,4689522.50914,215218.6,19,5,T
1582926738921080959,269,1582926738920582056,gps,42.3390247183,-71.0842546433,3.615,328302.673087,4689522.69677,215218.8,19,5,T
1582926739106619404,270,1582926739106249094,gps,42.339026405,-71.0842534683,3.617,328302.774477,4689522.88169,215219.0,19,5,T
1582926739298843738,271,1582926739298466920,gps,42.339028045,-71.0842531833,3.606,328302.802419,4689523.06322,215219.2,19,5,T
1582926739504847580,272,1582926739504363059,gps,42.3390293717,-71.0842528617,3.596,328302.83253,4689523.20989,215219.4,19,5,T
1582926739698775120,273,1582926739698400974,gps,42.339030535,-71.084253205,3.568,328302.807412,4689523.33976,215219.6,19,5,T
1582926739902990888,274,1582926739902471065,gps,42.3390307117,-71.0842531683,3.636,328302.810913,4689523.3593,215219.8,19,5,T
1582926740112298452,275,1582926740111848115,gps,42.3390308867,-71.0842534,3.644,328302.792304,4689523.3792,215220.0,19,5,T
1582926740303970933,276,1582926740303503990,gps,42.3390310983,-71.08425389,3.647,328302.752513,4689523.4037,215220.2,19,5,T
1582926740506770156,277,1582926740506114959,gps,42.33903147,-71.08425443,3.627,328302.709039,4689523.44606,215220.4,19,5,T
1582926740702968887,278,1582926740702506065,gps,42.3390322283,-71.084255165,3.583,328302.650552,4689523.53175,215220.6,19,5,T
1582926740918027119,279,1582926740917511940,gps,42.3390332067,-71.0842558717,3.564,328302.594999,4689523.64181,215220.8,19,5,T
1582926741106816073,280,1582926741106107950,gps,42.3390343083,-71.0842570933,3.607,328302.497354,4689523.76661,215221.0,19,5,T
1582926741315622424,281,1582926741315227985,gps,42.3390355583,-71.0842586933,3.577,328302.368946,4689523.90864,215221.2,19,5,T
1582926741508614235,282,1582926741508101940,gps,42.33903679,-71.0842604083,3.531,328302.231014,4689524.04888,215221.4,19,5,T
1582926741706252680,283,1582926741705575942,gps,42.339037975,-71.08426226,3.54,328302.081696,4689524.1842,215221.6,19,5,T
1582926741910880874,284,1582926741910355091,gps,42.33903916,-71.0842641067,3.515,328301.932789,4689524.31951,215221.8,19,5,T
1582926742107018054,285,1582926742106472015,gps,42.3390404717,-71.0842661667,3.5,328301.766653,4689524.46932,215222.0,19,5,T
1582926742312787177,286,1582926742312266111,gps,42.33904186,-71.0842680967,3.552,328301.611435,4689524.62739,215222.2,19,5,T
1582926742505449225,287,1582926742505047082,gps,42.3390430733,-71.0842701033,3.555,328301.449425,4689524.76617,215222.4,19,5,T
1582926742709561461,288,1582926742708764076,gps,42.3390444267,-71.0842722117,3.522,328301.279421,4689524.9207,215222.6,19,5,T
1582926742906646752,289,1582926742906162977,gps,42.3390457383,-71.0842742933,3.558,328301.1115,4689525.07056,215222.8,19,5,T
1582926743110759718,290,1582926743110332012,gps,42.3390471667,-71.0842761683,3.547,328300.960922,4689525.23295,215223.0,19,5,T
1582926743307682087,291,1582926743307101964,gps,42.33904893,-71.08427819,3.523,328300.799173,4689525.43284,215223.2,19,5,T
1582926743509284531,292,1582926743508832931,gps,42.33905046,-71.0842801433,3.552,328300.642418,4689525.60668,215223.4,19,5,T
1582926743713104911,293,1582926743712713003,gps,42.339052085,-71.084282325,3.537,328300.467112,4689525.79152,215223.6,19,5,T
1582926743922554282,294,1582926743921125888,gps,42.3390538417,-71.0842842967,3.521,328300.309464,4689525.99057,215223.8,19,5,T
1582926744117114106,295,1582926744116590976,gps,42.3390553083,-71.0842863067,3.524,328300.147869,4689526.15749,215224.0,19,5,T
1582926744312421094,296,1582926744311920881,gps,42.33905685,-71.0842885133,3.512,328299.970276,4689526.33314,215224.2,19,5,T
1582926744506321075,297,1582926744505920886,gps,42.3390586133,-71.084290725,3.49,328299.792875,4689526.53341,215224.4,19,5,T
1582926744711302957,298,1582926744710841894,gps,42.33906012,-71.0842929633,3.504,328299.612578,4689526.70523,215224.6,19,5,T
1582926744904261701,299,1582926744903722047,gps,42.3390615117,-71.0842951983,3.499,328299.432243,4689526.86428,215224.8,19,5,T
1582926745109788215,300,1582926745109172105,gps,42.3390629783,-71.084297425,3.505,328299.252799,4689527.03164,215225.0,19,5,T
1582926745302584799,301,1582926745302043914,gps,42.3390645083,-71.08429975,3.497,328299.065426,4689527.20623,215225.2,19,5,T
1582926745508189173,302,1582926745507600069,gps,42.33906621,-71.0843019533,3.464,328298.888543,4689527.39963,215225.4,19,5,T
1582926745712964205,303,1582926745712409973,gps,42.3390678567,-71.0843040667,3.482,328298.718925,4689527.58675,215225.6,19,5,T
1582926745909214012,304,1582926745908658027,gps,42.3390695933,-71.08430613,3.48,328298.553672,4689527.78376,215225.8,19,5,T
1582926746112854754,305,1582926746112437009,gps,42.3390711433,-71.0843081267,3.446,328298.393402,4689527.95991,215226.0,19,5,T
1582926746305090072,306,1582926746304526090,gps,42.3390727017,-71.0843101217,3.469,328298.233292,4689528.13698,215226.2,19,5,T
1582926746509273756,307,1582926746508702993,gps,42.339074115,-71.08431209,3.453,328298.074984,4689528.29789,215226.4,19,5,T
1582926746706458756,308,1582926746705916881,gps,42.3390758083,-71.0843143867,3.429,328297.89039,4689528.49056,215226.6,19,5,T
1582926746917380946,309,1582926746916832923,gps,42.33907729,-71.0843166167,3.452,328297.710712,4689528.65959,215226.8,19,5,T
1582926747104412925,310,1582926747103848934,gps,42.339078485,-71.0843191733,3.433,328297.503342,4689528.79745,215227.0,19,5,T
1582926747307830060,311,1582926747307432889,gps,42.3390799367,-71.0843215883,3.426,328297.308342,4689528.96353,215227.2,19,5,T
1582926747502627695,312,1582926747502177000,gps,42.339081175,-71.0843237333,3.441,328297.135004,4689529.10537,215227.4,19,5,T
1582926747709320788,313,1582926747708662986,gps,42.3390825367,-71.0843259717,3.405,328296.954313,4689529.26109,215227.6,19,5,T
1582926747921026815,314,1582926747920392990,gps,42.33908398,-71.0843282467,3.403,328296.770823,4689529.42595,215227.8,19,5,T
1582926748104869573,315,1582926748104160070,gps,42.339085265,-71.0843303,3.428,328296.605164,4689529.57279,215228.0,19,5,T
1582926748310387941,316,1582926748309855937,gps,42.339086545,-71.0843324567,3.394,328296.430978,4689529.71928,215228.2,19,5,T
1582926748502934329,317,1582926748502437114,gps,42.33908793,-71.0843344967,3.418,328296.266689,4689529.87719,215228.4,19,5,T
1582926748707902914,318,1582926748707389116,gps,42.339089175,-71.0843367517,3.402,328296.084308,4689530.01999,215228.6,19,5,T
1582926748920264755,319,1582926748919553995,gps,42.3390904883,-71.0843388017,3.381,328295.919,4689530.16997,215228.8,19,5,T
1582926749105112500,320,1582926749104407072,gps,42.3390920067,-71.0843409867,3.408,328295.743129,4689530.34298,215229.0,19,5,T
1582926749309421035,321,1582926749309022903,gps,42.3390932033,-71.0843430433,3.42,328295.576955,4689530.48001,215229.2,19,5,T
1582926749503965406,322,1582926749503531932,gps,42.3390945967,-71.0843452917,3.376,328295.395526,4689530.63927,215229.4,19,5,T
1582926749710033519,323,1582926749709261894,gps,42.33909617,-71.0843472967,3.41,328295.234633,4689530.81803,215229.6,19,5,T
1582926749927252896,324,1582926749926732063,gps,42.3390977767,-71.084349455,3.392,328295.0612,4689531.0008,215229.8,19,5,T
1582926750111203035,325,1582926750110799074,gps,42.33909933,-71.0843515117,3.367,328294.895996,4689531.17743,215230.0,19,5,T
1582926750305580834,326,1582926750305049896,gps,42.3391005933,-71.0843534317,3.408,328294.741262,4689531.3216,215230.2,19,5,T
1582926750511195918,327,1582926750510690927,gps,42.3391018567,-71.084355505,3.386,328294.573896,4689531.46607,215230.4,19,5,T
1582926750705989671,328,1582926750705410003,gps,42.3391030783,-71.084357575,3.363,328294.406692,4689531.6059,215230.6,19,5,T
1582926750905254177,329,1582926750904716014,gps,42.3391042483,-71.084359555,3.391,328294.246761,4689531.73982,215230.8,19,5,T
1582926751118831442,330,1582926751118390083,gps,42.33910529,-71.0843615683,3.359,328294.083734,4689531.85956,215231.0,19,5,T
1582926751311212675,331,1582926751310760021,gps,42.33910683,-71.0843637133,3.336,328293.911218,4689532.03489,215231.2,19,5,T
1582926751507267432,332,1582926751506772041,gps,42.339108115,-71.0843658467,3.33,328293.738968,4689532.18189,215231.4,19,5,T
1582926751703405400,333,1582926751702867031,gps,42.3391093567,-71.084368025,3.325,328293.562893,4689532.32417,215231.6,19,5,T
1582926751931386293,334,1582926751930833101,gps,42.3391104183,-71.0843701867,3.304,328293.387701,4689532.44642,215231.8,19,5,T
1582926752105865926,335,1582926752105101108,gps,42.3391113533,-71.0843720067,3.343,328293.240312,4689532.55392,215232.0,19,5,T
1582926752308737768,336,1582926752308219909,gps,42.3391122633,-71.0843739033,3.34,328293.086538,4689532.6588,215232.2,19,5,T
1582926752504785817,337,1582926752504189014,gps,42.3391124733,-71.0843763033,3.361,328292.889394,4689532.68697,215232.4,19,5,T
1582926752706674636,338,1582926752706098079,gps,42.3391123317,-71.0843780383,3.364,328292.746077,4689532.67474,215232.6,19,5,T
1582926752902941286,339,1582926752902385950,gps,42.3391120683,-71.0843791617,3.382,328292.652818,4689532.64777,215232.8,19,5,T
1582926753106485218,340,1582926753106029987,gps,42.339111725,-71.08438051,3.36,328292.540805,4689532.61236,215233.0,19,5,T
1582926753311773974,341,1582926753311372995,gps,42.339110945,-71.0843815467,3.317,328292.45328,4689532.52784,215233.2,19,5,T
1582926753507080768,342,1582926753506668090,gps,42.3391100717,-71.0843824183,3.316,328292.379093,4689532.43263,215233.4,19,5,T
1582926753712837772,343,1582926753712150096,gps,42.3391089567,-71.0843839283,3.308,328292.251662,4689532.31187,215233.6,19,5,T
1582926753909492508,344,1582926753909100055,gps,42.339107795,-71.0843857133,3.286,328292.101449,4689532.18648,215233.8,19,5,T
1582926754115656311,345,1582926754115072011,gps,42.3391066683,-71.084387425,3.327,328291.957372,4689532.06482,215234.0,19,5,T
1582926754309355339,346,1582926754308954000,gps,42.3391052817,-71.0843892633,3.338,328291.802153,4689531.91456,215234.2,19,5,T
1582926754505385334,347,1582926754503966093,gps,42.3391039,-71.0843910333,3.324,328291.652577,4689531.76471,215234.4,19,5,T
1582926754708804092,348,1582926754708235979,gps,42.33910259,-71.08439292,3.347,328291.493584,4689531.62305,215234.6,19,5,T
1582926754905968226,349,1582926754904865980,gps,42.339101065,-71.0843949167,3.34,328291.324945,4689531.45775,215234.8,19,5,T
1582926755113415292,350,1582926755112772941,gps,42.3390997117,-71.0843969817,3.32,328291.151143,4689531.31164,215235.0,19,5,T
1582926755307391142,351,1582926755306817054,gps,42.3390982883,-71.0843989417,3.365,328290.9858,4689531.15755,215235.2,19,5,T
1582926755501559125,352,1582926755499836921,gps,42.3390965767,-71.0844007267,3.345,328290.83409,4689530.97108,215235.4,19,5,T
1582926755704458052,353,1582926755703941106,gps,42.3390950183,-71.0844024683,3.342,328290.686367,4689530.80156,215235.6,19,5,T
1582926755910364151,354,1582926755909822940,gps,42.339093375,-71.084404365,3.385,328290.525643,4689530.62291,215235.8,19,5,T
1582926756116504070,355,1582926756115966081,gps,42.3390919133,-71.08440653,3.331,328290.343308,4689530.46498,215236.0,19,5,T
1582926756300666896,356,1582926756300123929,gps,42.3390903867,-71.0844087533,3.361,328290.155991,4689530.29994,215236.2,19,5,T
1582926756504509945,357,1582926756503206968,gps,42.3390888333,-71.084410375,3.396,328290.018167,4689530.13073,215236.4,19,5,T
1582926756709540928,358,1582926756709011077,gps,42.3390873567,-71.0844121033,3.348,328289.871765,4689529.97025,215236.6,19,5,T
1582926756905951254,359,1582926756905517101,gps,42.3390859733,-71.08441394,3.368,328289.716692,4689529.82035,215236.8,19,5,T
1582926757108826855,360,1582926757108381986,gps,42.33908448,-71.0844156167,3.368,328289.5745,4689529.65791,215237.0,19,5,T
1582926757305707785,361,1582926757305150032,gps,42.3390830117,-71.0844175283,3.341,328289.413017,4689529.49872,215237.2,19,5,T
1582926757508408612,362,1582926757508018970,gps,42.3390818283,-71.084419355,3.379,328289.259312,4689529.37101,215237.4,19,5,T
1582926757704290725,363,1582926757703757047,gps,42.3390805133,-71.08442108,3.399,328289.113625,4689529.22848,215237.6,19,5,T
1582926757918264932,364,1582926757917850017,gps,42.3390789867,-71.08442278,3.345,328288.96942,4689529.06238,215237.8,19,5,T
1582926758113753265,365,1582926758113199949,gps,42.339077745,-71.0844242617,3.388,328288.843978,4689528.9275,215238.0,19,5,T
1582926758308217403,366,1582926758307650089,gps,42.33907614,-71.084426035,3.371,328288.693519,4689528.75286,215238.2,19,5,T
1582926758503414123,367,1582926758501544952,gps,42.3390745833,-71.08442807,3.332,328288.521635,4689528.58411,215238.4,19,5,T
1582926758707150663,368,1582926758706568002,gps,42.33907297,-71.0844299617,3.368,328288.361405,4689528.40878,215238.6,19,5,T
1582926758925156003,369,1582926758924627065,gps,42.3390713167,-71.084431385,3.349,328288.239648,4689528.22807,215238.8,19,5,T
1582926759099871044,370,1582926759099335908,gps,42.3390697883,-71.0844330667,3.37,328288.096949,4689528.06175,215239.0,19,5,T
1582926759306505337,371,1582926759305984973,gps,42.3390681317,-71.0844347467,3.387,328287.954039,4689527.88118,215239.2,19,5,T
1582926759511322639,372,1582926759510193109,gps,42.33906658,-71.08443667,3.324,328287.791367,4689527.71277,215239.4,19,5,T
1582926759704895396,373,1582926759704497098,gps,42.339064985,-71.084438765,3.359,328287.614436,4689527.53989,215239.6,19,5,T
1582926759907974870,374,1582926759907583951,gps,42.339063355,-71.084440735,3.372,328287.447707,4689527.36287,215239.8,19,5,T
1582926760103767922,375,1582926760103179931,gps,42.3390617083,-71.08444274,3.307,328287.27805,4689527.18406,215240.0,19,5,T
1582926760309341713,376,1582926760308778047,gps,42.3390600567,-71.0844447733,3.342,328287.106045,4689527.00477,215240.2,19,5,T
1582926760505122770,377,1582926760504071950,gps,42.3390584167,-71.084446695,3.339,328286.94327,4689526.82654,215240.4,19,5,T
1582926760708909516,378,1582926760708200931,gps,42.33905669,-71.0844488983,3.299,328286.757056,4689526.63925,215240.6,19,5,T
1582926760923822828,379,1582926760923285961,gps,42.3390550283,-71.08445098,3.328,328286.581041,4689526.45894,215240.8,19,5,T
1582926761108928323,380,1582926761108505964,gps,42.3390532233,-71.0844526567,3.327,328286.438002,4689526.2619,215241.0,19,5,T
1582926761307622966,381,1582926761307219028,gps,42.3390515583,-71.0844545817,3.294,328286.274885,4689526.0809,215241.2,19,5,T
1582926761504253666,382,1582926761502743005,gps,42.3390500217,-71.0844561383,3.337,328286.142461,4689525.91341,215241.4,19,5,T
1582926761709853825,383,1582926761709279060,gps,42.33904844,-71.084458,3.304,328285.984788,4689525.74153,215241.6,19,5,T
1582926761904177096,384,1582926761903769969,gps,42.3390468367,-71.08445981,3.32,328285.831313,4689525.56715,215241.8,19,5,T
1582926762122052787,385,1582926762121458053,gps,42.3390453033,-71.0844617133,3.356,328285.670339,4689525.40073,215242.0,19,5,T
1582926762306448557,386,1582926762305907964,gps,42.33904367,-71.0844636817,3.305,328285.503739,4689525.22334,215242.2,19,5,T
1582926762512549002,387,1582926762511503934,gps,42.3390420917,-71.0844656467,3.339,328285.337562,4689525.05204,215242.4,19,5,T
1582926762707433612,388,1582926762707022905,gps,42.339040425,-71.0844676317,3.314,328285.169498,4689524.87098,215242.6,19,5,T
1582926762909640464,389,1582926762909187078,gps,42.3390389167,-71.084469555,3.294,328285.006944,4689524.70738,215242.8,19,5,T
1582926763103015899,390,1582926763102485895,gps,42.339037385,-71.0844712817,3.328,328284.860529,4689524.54078,215243.0,19,5,T
1582926763309197193,391,1582926763308792114,gps,42.33903574,-71.0844731083,3.307,328284.705568,4689524.36181,215243.2,19,5,T
1582926763504583180,392,1582926763504175901,gps,42.3390342617,-71.0844748633,3.303,328284.556963,4689524.20119,215243.4,19,5,T
1582926763711030030,393,1582926763710298061,gps,42.3390326733,-71.0844765767,3.303,328284.411493,4689524.02828,215243.6,19,5,T
1582926763903638582,394,1582926763903234004,gps,42.3390312017,-71.0844784517,3.291,328284.253021,4689523.86865,215243.8,19,5,T
1582926764119987964,395,1582926764119350910,gps,42.3390297117,-71.0844803417,3.302,328284.093263,4689523.70702,215244.0,19,5,T
1582926764301718810,396,1582926764301173925,gps,42.3390283083,-71.0844820483,3.337,328283.948845,4689523.55463,215244.2,19,5,T
1582926764502751476,397,1582926764502345085,gps,42.3390267833,-71.08448393,3.302,328283.789679,4689523.38909,215244.4,19,5,T
1582926764703889390,398,1582926764703289985,gps,42.33902524,-71.084485495,3.314,328283.656551,4689523.22088,215244.6,19,5,T
1582926764906338494,399,1582926764905930995,gps,42.33902368,-71.0844872183,3.342,328283.510333,4689523.05113,215244.8,19,5,T
1582926765109038043,400,1582926765108469009,gps,42.3390221667,-71.0844890067,3.314,328283.358888,4689522.8867,215245.0,19,5,T
1582926765302034368,401,1582926765301311016,gps,42.3390207433,-71.0844908767,3.339,328283.200959,4689522.73243,215245.2,19,5,T
1582926765502390116,402,1582926765501985073,gps,42.339019165,-71.0844928883,3.353,328283.030938,4689522.56123,215245.4,19,5,T
1582926765705360802,403,1582926765704967021,gps,42.3390175917,-71.08449474,3.327,328282.874112,4689522.39026,215245.6,19,5,T
1582926765900454039,404,1582926765899913072,gps,42.33901599,-71.08449671,3.335,328282.70746,4689522.21638,215245.8,19,5,T
1582926766102384568,405,1582926766101989030,gps,42.339014495,-71.0844984783,3.344,328282.557712,4689522.05395,215246.0,19,5,T
1582926766304859123,406,1582926766304466962,gps,42.33901296,-71.0845006033,3.299,328282.378472,4689521.88779,215246.2,19,5,T
1582926766507178718,407,1582926766506752967,gps,42.3390113467,-71.084502755,3.315,328282.196823,4689521.71299,215246.4,19,5,T
1582926766702261516,408,1582926766701715946,gps,42.3390098583,-71.0845047067,3.338,328282.03199,4689521.55166,215246.6,19,5,T
1582926766904513579,409,1582926766904000043,gps,42.3390083667,-71.0845065133,3.297,328281.879093,4689521.38967,215246.8,19,5,T
1582926767104187816,410,1582926767103667020,gps,42.3390068783,-71.08450835,3.332,328281.723733,4689521.22811,215247.0,19,5,T
1582926767307579536,411,1582926767307090997,gps,42.33900536,-71.0845102033,3.33,328281.56692,4689521.06325,215247.2,19,5,T
1582926767499361510,412,1582926767498950004,gps,42.3390038967,-71.0845120433,3.311,328281.411354,4689520.90448,215247.4,19,5,T
1582926767705801387,413,1582926767705149888,gps,42.33900238,-71.0845140033,3.331,328281.245757,4689520.74002,215247.6,19,5,T
1582926767905573539,414,1582926767905155897,gps,42.3390008267,-71.08451583,3.326,328281.091045,4689520.57123,215247.8,19,5,T
1582926768110458415,415,1582926768109952926,gps,42.33899921,-71.0845176617,3.297,328280.935748,4689520.39541,215248.0,19,5,T
1582926768301852066,416,1582926768301413059,gps,42.3389978367,-71.0845191733,3.315,328280.807476,4689520.24596,215248.2,19,5,T
1582926768504118673,417,1582926768503726005,gps,42.338996385,-71.08452072,3.324,328280.676107,4689520.08789,215248.4,19,5,T
1582926768707249691,418,1582926768706656932,gps,42.338994865,-71.0845225433,3.297,328280.52176,4689519.92279,215248.6,19,5,T
1582926768900341179,419,1582926768899806976,gps,42.3389933167,-71.0845242317,3.32,328280.378457,4689519.75427,215248.8,19,5,T
1582926769101760550,420,1582926769101227045,gps,42.3389918933,-71.084525865,3.321,328280.240026,4689519.59951,215249.0,19,5,T
1582926769305164082,421,1582926769304647922,gps,42.338990605,-71.0845275283,3.301,328280.09949,4689519.45981,215249.2,19,5,T
1582926769505316004,422,1582926769504744052,gps,42.3389891717,-71.0845291317,3.318,328279.963503,4689519.30389,215249.4,19,5,T
1582926769696002998,423,1582926769695457935,gps,42.33898785,-71.0845307817,3.305,328279.823975,4689519.16046,215249.6,19,5,T
1582926769898610534,424,1582926769898036956,gps,42.3389863767,-71.0845326917,3.265,328279.662616,4689519.00072,215249.8,19,5,T
1582926770100703108,425,1582926770100178003,gps,42.3389851683,-71.08453414,3.302,328279.54001,4689518.86947,215250.0,19,5,T
1582926770303424457,426,1582926770302869081,gps,42.33898392,-71.0845355517,3.289,328279.420316,4689518.7337,215250.2,19,5,T
1582926770503097022,427,1582926770502680063,gps,42.3389827033,-71.0845368833,3.273,328279.307299,4689518.60129,215250.4,19,5,T
1582926770698832547,428,1582926770698309898,gps,42.33898195,-71.0845379083,3.272,328279.220807,4689518.5197,215250.6,19,5,T
1582926770904899419,429,1582926770904377937,gps,42.3389812317,-71.0845386983,3.284,328279.15377,4689518.44153,215250.8,19,5,T
1582926771099587108,430,1582926771099136114,gps,42.3389807867,-71.0845392267,3.297,328279.109034,4689518.39319,215251.0,19,5,T
1582926771304989889,431,1582926771304138898,gps,42.33898041,-71.0845396767,3.282,328279.070937,4689518.35227,215251.2,19,5,T
1582926771505661399,432,1582926771505208969,gps,42.3389803283,-71.0845400267,3.276,328279.041881,4689518.34391,215251.4,19,5,T
1582926771698852930,433,1582926771698304891,gps,42.3389802983,-71.0845400833,3.274,328279.037131,4689518.34069,215251.6,19,5,T
1582926771903105209,434,1582926771902548074,gps,42.3389802233,-71.0845399733,3.282,328279.045988,4689518.33214,215251.8,19,5,T
1582926772107939514,435,1582926772107439041,gps,42.33898012,-71.084539645,3.292,328279.072756,4689518.32,215252.0,19,5,T
1582926772298394049,436,1582926772297957897,gps,42.33898002,-71.0845394667,3.302,328279.087175,4689518.30854,215252.2,19,5,T
1582926772506210245,437,1582926772505466938,gps,42.33897999,-71.0845395083,3.3,328279.083661,4689518.30529,215252.4,19,5,T
1582926772699073118,438,1582926772698551893,gps,42.3389800117,-71.0845396733,3.296,328279.070127,4689518.30803,215252.6,19,5,T
1582926772901552441,439,1582926772900973081,gps,42.33898008,-71.0845397267,3.298,328279.065919,4689518.31573,215252.8,19,5,T
1582926773108324177,440,1582926773107799053,gps,42.3389801283,-71.0845397633,3.29,328279.06303,4689518.32117,215253.0,19,5,T
1582926773302279546,441,1582926773301718950,gps,42.3389801433,-71.08453979,3.288,328279.060874,4689518.32289,215253.2,19,5,T
1582926773505180499,442,1582926773504771947,gps,42.33898012,-71.0845397233,3.292,328279.066303,4689518.32016,215253.4,19,5,T
1582926773698600366,443,1582926773697968006,gps,42.3389801067,-71.08453962,3.289,328279.074779,4689518.31847,215253.6,19,5,T
