%time,field.header.seq,field.header.stamp,field.header.frame_id,field.latitude,field.longitude,field.altitude,field.utm_easting,field.utm_northing,field.fix_quality,field.time,field.zone,field.letter
1582918354294438717,1,0,,42.3372840881,-71.0869293213,-12.6730003357,328077.65625,4689335.0,5.0,193234.203125,19,T
1582918354487714496,2,0,,42.3372840881,-71.0869293213,-12.642999649,328077.625,4689335.0,5.0,193234.40625,19,T
1582918354706367320,3,0,,42.3372840881,-71.0869293213,-12.6040000916,328077.625,4689334.5,5.0,193234.59375,19,T
1582918354899836933,4,0,,42.3372840881,-71.0869293213,-12.5769996643,328077.625,4689334.5,5.0,193234.796875,19,T
1582918355093162987,5,0,,42.3372840881,-71.0869293213,-12.5690002441,328077.65625,4689334.5,5.0,193235.0,19,T
1582918355294286689,6,0,,42.3372840881,-71.0869293213,-12.545999527,328077.65625,4689335.0,5.0,193235.203125,19,T
1582918355495673794,7,0,,42.3372840881,-71.0869293213,-12.5279998779,328077.65625,4689334.5,5.0,193235.40625,19,T
1582918355707049356,8,0,,42.3372840881,-71.0869293213,-12.5109996796,328077.65625,4689334.5,5.0,193235.59375,19,T
1582918355898931070,9,0,,42.3372840881,-71.0869293213,-12.4960002899,328077.6875,4689334.5,5.0,193235.796875,19,T
1582918356098915938,10,0,,42.3372840881,-71.0869293213,-12.5069999695,328077.6875,4689334.5,5.0,193236.0,19,T
1582918356299356811,11,0,,42.3372840881,-71.0869293213,-12.5270004272,328077.71875,4689334.5,5.0,193236.203125,19,T
1582918356502383676,12,0,,42.3372840881,-71.0869293213,-12.5340003967,328077.78125,4689334.5,5.0,193236.40625,19,T
1582918356706135497,13,0,,42.3372802734,-71.0869293213,-12.5369997025,328077.875,4689334.5,5.0,193236.59375,19,T
1582918356897174970,14,0,,42.3372802734,-71.0869216919,-12.4569997787,328077.9375,4689334.5,5.0,193236.796875,19,T
1582918357097202443,15,0,,42.3372802734,-71.0869216919,-12.4759998322,328078.03125,4689334.5,5.0,193237.0,19,T
1582918357289892099,16,0,,42.3372802734,-71.0869216919,-12.5050001144,328078.125,4689334.0,5.0,193237.203125,19,T
1582918357489325927,17,0,,42.3372764587,-71.0869216919,-12.5209999084,328078.25,4689334.0,5.0,193237.40625,19,T
1582918357692302791,18,0,,42.3372764587,-71.0869216919,-12.5030002594,328078.375,4689334.0,5.0,193237.59375,19,T
1582918357892086191,19,0,,42.3372764587,-71.0869140625,-12.5080003738,328078.53125,4689334.0,5.0,193237.796875,19,T
1582918358096180764,20,0,,42.337272644,-71.0869140625,-12.5419998169,328078.65625,4689333.5,5.0,193238.0,19,T
1582918358297622082,21,0,,42.337272644,-71.0869140625,-12.4630002975,328078.78125,4689333.5,5.0,193238.203125,19,T
1582918358495386212,22,0,,42.3372688293,-71.0869140625,-12.5120000839,328078.875,4689333.0,5.0,193238.40625,19,T
1582918358705932220,23,0,,42.3372688293,-71.0869140625,-12.531999588,328079.0,4689333.0,5.0,193238.59375,19,T
1582918358896534094,24,0,,42.3372688293,-71.0869140625,-12.4709997177,328079.09375,4689333.0,5.0,193238.796875,19,T
1582918359097627785,25,0,,42.3372650146,-71.0869064331,-12.4870004654,328079.25,4689332.5,5.0,193239.0,19,T
1582918359289234688,26,0,,42.3372650146,-71.0869064331,-12.3830003738,328079.34375,4689332.5,5.0,193239.203125,19,T
1582918359490305526,27,0,,42.3372612,-71.0869064331,-12.3330001831,328079.46875,4689332.5,5.0,193239.40625,19,T
1582918359699899455,28,0,,42.3372612,-71.0869064331,-12.2849998474,328079.59375,4689332.0,5.0,193239.59375,19,T
1582918359899372005,29,0,,42.3372573853,-71.0869064331,-12.2609996796,328079.71875,4689332.0,5.0,193239.796875,19,T
1582918360099930179,30,0,,42.3372573853,-71.0868988037,-12.1739997864,328079.8125,4689331.5,5.0,193240.0,19,T
1582918360290562707,31,0,,42.3372535706,-71.0868988037,-12.0380001068,328079.9375,4689331.5,5.0,193240.203125,19,T
1582918360606900253,32,0,,42.3372535706,-71.0868988037,-11.9370002747,328080.03125,4689331.5,5.0,193240.40625,19,T
1582918360811451763,33,0,,42.3372497559,-71.0868988037,-11.7880001068,328080.125,4689331.0,5.0,193240.59375,19,T
1582918360900628359,34,0,,42.3372497559,-71.0868988037,-11.7569999695,328080.25,4689331.0,5.0,193240.796875,19,T
1582918361094946735,35,0,,42.3372459412,-71.0868911743,-11.6490001678,328080.34375,4689330.5,5.0,193241.0,19,T
1582918361430391376,36,0,,42.3372459412,-71.0868911743,-11.5530004501,328080.46875,4689330.5,5.0,193241.203125,19,T
1582918361500843285,37,0,,42.3372421265,-71.0868911743,-11.5030002594,328080.59375,4689330.0,5.0,193241.40625,19,T
1582918361827155211,38,0,,42.3372421265,-71.0868911743,-11.3509998322,328080.6875,4689330.0,5.0,193241.59375,19,T
1582918361896071601,39,0,,42.3372383118,-71.0868911743,-11.2259998322,328080.78125,4689329.5,5.0,193241.796875,19,T
1582918362222644654,40,0,,42.3372383118,-71.0868835449,-11.1940002441,328080.96875,4689329.5,5.0,193242.0,19,T
1582918362299888610,41,0,,42.3372344971,-71.0868835449,-11.107000351,328081.09375,4689329.5,5.0,193242.203125,19,T
1582918362613323269,42,0,,42.3372344971,-71.0868835449,-10.986000061,328081.25,4689329.0,5.0,193242.40625,19,T
1582918362702123771,43,0,,42.3372306824,-71.0868835449,-10.9479999542,328081.34375,4689329.0,5.0,193242.59375,19,T
1582918362884736936,44,0,,42.3372306824,-71.0868835449,-10.8489999771,328081.4375,4689328.5,5.0,193242.796875,19,T
1582918363095709642,45,0,,42.3372268677,-71.0868759155,-10.7969999313,328081.5625,4689328.5,5.0,193243.0,19,T
1582918363293985946,46,0,,42.3372268677,-71.0868759155,-10.75,328081.6875,4689328.5,5.0,193243.203125,19,T
1582918363492698042,47,0,,42.337223053,-71.0868759155,-10.625,328081.8125,4689328.0,5.0,193243.40625,19,T
1582918363692565746,48,0,,42.337223053,-71.0868759155,-10.5710000992,328081.90625,4689328.0,5.0,193243.59375,19,T
1582918363900559626,49,0,,42.337223053,-71.0868759155,-10.5129995346,328082.03125,4689327.5,5.0,193243.796875,19,T
1582918364217822138,50,0,,42.3372192383,-71.0868682861,-10.4370002747,328082.125,4689327.5,5.0,193244.0,19,T
1582918364293243388,51,0,,42.3372192383,-71.0868682861,-10.3850002289,328082.25,4689327.5,5.0,193244.203125,19,T
1582918364491411765,52,0,,42.3372154236,-71.0868682861,-10.3100004196,328082.375,4689327.0,5.0,193244.40625,19,T
1582918364711985748,53,0,,42.3372154236,-71.0868682861,-10.2370004654,328082.46875,4689327.0,5.0,193244.59375,19,T
1582918364901425791,54,0,,42.3372116089,-71.0868682861,-10.2159996033,328082.5625,4689327.0,5.0,193244.796875,19,T
1582918365089345124,55,0,,42.3372116089,-71.0868682861,-10.1660003662,328082.65625,4689326.5,5.0,193245.0,19,T
1582918365288217500,56,0,,42.3372077942,-71.0868606567,-10.0810003281,328082.78125,4689326.5,5.0,193245.203125,19,T
1582918365627570840,57,0,,42.3372077942,-71.0868606567,-10.0290002823,328082.875,4689326.0,5.0,193245.40625,19,T
1582918365692272876,58,0,,42.3372039795,-71.0868606567,-9.96199989319,328083.0,4689326.0,5.0,193245.59375,19,T
1582918365893202073,59,0,,42.3372039795,-71.0868606567,-9.89999961853,328083.125,4689326.0,5.0,193245.796875,19,T
1582918366093577077,60,0,,42.3372039795,-71.0868606567,-9.90400028229,328083.25,4689325.5,5.0,193246.0,19,T
1582918366289934823,61,0,,42.3372001648,-71.0868530273,-9.89099979401,328083.375,4689325.5,5.0,193246.203125,19,T
1582918366487438390,62,0,,42.3372001648,-71.0868530273,-9.8109998703,328083.46875,4689325.0,5.0,193246.40625,19,T
1582918366709493454,63,0,,42.3371963501,-71.0868530273,-9.72999954224,328083.5625,4689325.0,5.0,193246.59375,19,T
1582918366886101525,64,0,,42.3371963501,-71.0868530273,-9.74400043488,328083.6875,4689325.0,5.0,193246.796875,19,T
1582918367093526152,65,0,,42.3371925354,-71.0868530273,-9.66100025177,328083.8125,4689324.5,5.0,193247.0,19,T
1582918367289799143,66,0,,42.3371925354,-71.0868530273,-9.61900043488,328083.9375,4689324.5,5.0,193247.203125,19,T
1582918367492697597,67,0,,42.3371925354,-71.0868453979,-9.58399963379,328084.03125,4689324.5,5.0,193247.40625,19,T
1582918367701666992,68,0,,42.3371887207,-71.0868453979,-9.50699996948,328084.125,4689324.0,5.0,193247.59375,19,T
1582918367888046730,69,0,,42.3371887207,-71.0868453979,-9.46000003815,328084.21875,4689324.0,5.0,193247.796875,19,T
1582918368092853942,70,0,,42.337184906,-71.0868453979,-9.44999980927,328084.3125,4689324.0,5.0,193248.0,19,T
1582918368291571310,71,0,,42.337184906,-71.0868453979,-9.39299964905,328084.4375,4689323.5,5.0,193248.203125,19,T
1582918368496811150,72,0,,42.3371810913,-71.0868377686,-9.38399982452,328084.5625,4689323.5,5.0,193248.40625,19,T
1582918368705853540,73,0,,42.3371810913,-71.0868377686,-9.35200023651,328084.65625,4689323.0,5.0,193248.59375,19,T
1582918368888243031,74,0,,42.3371810913,-71.0868377686,-9.29199981689,328084.78125,4689323.0,5.0,193248.796875,19,T
1582918369087460511,75,0,,42.3371772766,-71.0868377686,-9.23799991608,328084.875,4689323.0,5.0,193249.0,19,T
1582918369294449864,76,0,,42.3371772766,-71.0868377686,-9.23099994659,328084.96875,4689322.5,5.0,193249.203125,19,T
1582918369490911612,77,0,,42.3371734619,-71.0868377686,-9.16600036621,328085.0625,4689322.5,5.0,193249.40625,19,T
1582918369690066230,78,0,,42.3371734619,-71.0868301392,-9.09500026703,328085.15625,4689322.5,5.0,193249.59375,19,T
1582918369887218141,79,0,,42.3371734619,-71.0868301392,-9.04399967194,328085.25,4689322.0,5.0,193249.796875,19,T
1582918370096956246,80,0,,42.3371696472,-71.0868301392,-8.96500015259,328085.375,4689322.0,5.0,193250.0,19,T
1582918370286988233,81,0,,42.3371696472,-71.0868301392,-8.89200019836,328085.46875,4689322.0,5.0,193250.203125,19,T
1582918370496125417,82,0,,42.3371658325,-71.0868301392,-8.83100032806,328085.59375,4689321.5,5.0,193250.40625,19,T
1582918370694498584,83,0,,42.3371658325,-71.0868301392,-8.77299976349,328085.6875,4689321.5,5.0,193250.59375,19,T
1582918370897475122,84,0,,42.3371620178,-71.0868225098,-8.70199966431,328085.78125,4689321.0,5.0,193250.796875,19,T
1582918371246204161,85,0,,42.3371620178,-71.0868225098,-8.65799999237,328085.875,4689321.0,5.0,193251.0,19,T
1582918371298311529,86,0,,42.3371620178,-71.0868225098,-8.57199954987,328085.96875,4689321.0,5.0,193251.203125,19,T
1582918371493304538,87,0,,42.3371582031,-71.0868225098,-8.50800037384,328086.0625,4689321.0,5.0,193251.40625,19,T
1582918371688730205,88,0,,42.3371582031,-71.0868225098,-8.5,328086.15625,4689320.5,5.0,193251.59375,19,T
1582918371900636262,89,0,,42.3371582031,-71.0868225098,-8.47399997711,328086.28125,4689320.5,5.0,193251.796875,19,T
1582918372099990998,90,0,,42.3371543884,-71.0868148804,-8.36499977112,328086.375,4689320.5,5.0,193252.0,19,T
1582918372292823234,91,0,,42.3371543884,-71.0868148804,-8.34300041199,328086.46875,4689320.0,5.0,193252.203125,19,T
1582918372494160050,92,0,,42.3371543884,-71.0868148804,-8.32499980927,328086.5625,4689320.0,5.0,193252.40625,19,T
1582918372711686646,93,0,,42.3371505737,-71.0868148804,-8.24800014496,328086.625,4689320.0,5.0,193252.59375,19,T
1582918372891293201,94,0,,42.3371505737,-71.0868148804,-8.20199966431,328086.71875,4689320.0,5.0,193252.796875,19,T
1582918373089084838,95,0,,42.3371505737,-71.0868148804,-8.19699954987,328086.8125,4689320.0,5.0,193253.0,19,T
1582918373299457081,96,0,,42.3371505737,-71.0868148804,-8.15200042725,328086.90625,4689320.0,5.0,193253.203125,19,T
1582918373493599436,97,0,,42.3371505737,-71.086807251,-8.10200023651,328087.03125,4689319.5,5.0,193253.40625,19,T
1582918373691948959,98,0,,42.3371505737,-71.086807251,-8.08500003815,328087.15625,4689319.5,5.0,193253.59375,19,T
1582918373886419745,99,0,,42.3371505737,-71.086807251,-8.05300045013,328087.28125,4689319.5,5.0,193253.796875,19,T
1582918374100740885,100,0,,42.3371505737,-71.086807251,-8.03400039673,328087.40625,4689319.5,5.0,193254.0,19,T
1582918374292967103,101,0,,42.3371505737,-71.086807251,-8.02600002289,328087.53125,4689319.5,5.0,193254.203125,19,T
1582918374495373157,102,0,,42.3371505737,-71.0867996216,-7.96700000763,328087.65625,4689320.0,5.0,193254.40625,19,T
1582918374687479650,103,0,,42.3371505737,-71.0867996216,-7.92000007629,328087.8125,4689320.0,5.0,193254.59375,19,T
1582918374894236279,104,0,,42.3371505737,-71.0867996216,-7.89499998093,328087.9375,4689320.0,5.0,193254.796875,19,T
1582918375092149894,105,0,,42.3371505737,-71.0867996216,-7.8060002327,328088.0625,4689320.0,5.0,193255.0,19,T
1582918375454485594,106,0,,42.3371543884,-71.0867996216,-7.757999897,328088.1875,4689320.0,5.0,193255.203125,19,T
1582918375660790842,107,0,,42.3371543884,-71.0867919922,-7.75099992752,328088.34375,4689320.0,5.0,193255.40625,19,T
1582918375716228962,108,0,,42.3371543884,-71.0867919922,-7.68499994278,328088.5,4689320.0,5.0,193255.59375,19,T
1582918375904859070,109,0,,42.3371543884,-71.0867919922,-7.65600013733,328088.65625,4689320.0,5.0,193255.796875,19,T
1582918376108718388,110,0,,42.3371543884,-71.0867919922,-7.64200019836,328088.84375,4689320.5,5.0,193256.0,19,T
1582918376299058342,111,0,,42.3371582031,-71.0867843628,-7.58300018311,328089.0,4689320.5,5.0,193256.203125,19,T
1582918376496698926,112,0,,42.3371582031,-71.0867843628,-7.60200023651,328089.1875,4689320.5,5.0,193256.40625,19,T
1582918376695793750,113,0,,42.3371582031,-71.0867843628,-7.55100011826,328089.34375,4689320.5,5.0,193256.59375,19,T
1582918376898641244,114,0,,42.3371582031,-71.0867843628,-7.49399995804,328089.46875,4689320.5,5.0,193256.796875,19,T
1582918377103473077,115,0,,42.3371620178,-71.0867767334,-7.48699998856,328089.65625,4689321.0,5.0,193257.0,19,T
1582918377292862613,116,0,,42.3371620178,-71.0867767334,-7.41599988937,328089.84375,4689321.0,5.0,193257.203125,19,T
1582918377490977728,117,0,,42.3371620178,-71.0867767334,-7.37900018692,328090.0,4689321.0,5.0,193257.40625,19,T
1582918377693052734,118,0,,42.3371620178,-71.086769104,-7.35699987411,328090.15625,4689321.0,5.0,193257.59375,19,T
1582918377896174944,119,0,,42.3371658325,-71.086769104,-7.30999994278,328090.3125,4689321.0,5.0,193257.796875,19,T
1582918378095361611,120,0,,42.3371658325,-71.086769104,-7.28000020981,328090.46875,4689321.5,5.0,193258.0,19,T
1582918378292256228,121,0,,42.3371658325,-71.086769104,-7.25099992752,328090.65625,4689321.5,5.0,193258.203125,19,T
1582918378496896709,122,0,,42.3371658325,-71.0867614746,-7.17500019073,328090.8125,4689321.5,5.0,193258.40625,19,T
1582918378695585524,123,0,,42.3371696472,-71.0867614746,-7.17500019073,328090.96875,4689321.5,5.0,193258.59375,19,T
1582918378904132886,124,0,,42.3371696472,-71.0867614746,-7.15500020981,328091.125,4689322.0,5.0,193258.796875,19,T
1582918379095043629,125,0,,42.3371696472,-71.0867614746,-7.13100004196,328091.3125,4689322.0,5.0,193259.0,19,T
1582918379296847537,126,0,,42.3371734619,-71.0867538452,-7.11199998856,328091.46875,4689322.0,5.0,193259.203125,19,T
1582918379493064029,127,0,,42.3371734619,-71.0867538452,-7.14400005341,328091.65625,4689322.0,5.0,193259.40625,19,T
1582918379693303246,128,0,,42.3371734619,-71.0867538452,-7.09700012207,328091.84375,4689322.5,5.0,193259.59375,19,T
1582918379899688942,129,0,,42.3371772766,-71.0867538452,-7.0609998703,328092.0,4689322.5,5.0,193259.796875,19,T
1582918380104323995,130,0,,42.3371772766,-71.0867462158,-7.0609998703,328092.1875,4689322.5,5.0,193300.0,19,T
1582918380293914354,131,0,,42.3371772766,-71.0867462158,-7.03399991989,328092.34375,4689322.5,5.0,193300.203125,19,T
1582918380656890065,132,0,,42.3371810913,-71.0867462158,-7.03900003433,328092.53125,4689323.0,5.0,193300.40625,19,T
1582918380706341252,133,0,,42.3371810913,-71.0867385864,-7.02500009537,328092.6875,4689323.0,5.0,193300.59375,19,T
1582918380900604666,134,0,,42.3371810913,-71.0867385864,-6.93200016022,328092.875,4689323.0,5.0,193300.796875,19,T
1582918381094784005,135,0,,42.337184906,-71.0867385864,-6.92600011826,328093.03125,4689323.0,5.0,193301.0,19,T
1582918381292996901,136,0,,42.337184906,-71.0867385864,-6.90199995041,328093.1875,4689323.5,5.0,193301.203125,19,T
1582918381493116494,137,0,,42.337184906,-71.086730957,-6.86299991608,328093.375,4689323.5,5.0,193301.40625,19,T
1582918381699211240,138,0,,42.337184906,-71.086730957,-6.84399986267,328093.53125,4689323.5,5.0,193301.59375,19,T
1582918381900987386,139,0,,42.3371887207,-71.086730957,-6.82100009918,328093.71875,4689323.5,5.0,193301.796875,19,T
1582918382114734254,140,0,,42.3371887207,-71.086730957,-6.74800014496,328093.90625,4689324.0,5.0,193302.0,19,T
1582918382293377405,141,0,,42.3371887207,-71.0867233276,-6.7389998436,328094.0625,4689324.0,5.0,193302.203125,19,T
1582918382504413412,142,0,,42.3371925354,-71.0867233276,-6.72100019455,328094.28125,4689324.0,5.0,193302.40625,19,T
1582918382705394602,143,0,,42.3371925354,-71.0867233276,-6.65299987793,328094.46875,4689324.5,5.0,193302.59375,19,T
1582918382909430049,144,0,,42.3371925354,-71.0867156982,-6.625,328094.625,4689324.5,5.0,193302.796875,19,T
1582918383099366565,145,0,,42.3371963501,-71.0867156982,-6.60900020599,328094.8125,4689324.5,5.0,193303.0,19,T
1582918383298209140,146,0,,42.3371963501,-71.0867156982,-6.53800010681,328095.0,4689324.5,5.0,193303.203125,19,T
1582918383491934616,147,0,,42.3371963501,-71.0867156982,-6.55499982834,328095.15625,4689325.0,5.0,193303.40625,19,T
1582918383692985487,148,0,,42.3372001648,-71.0867080688,-6.48000001907,328095.34375,4689325.0,5.0,193303.59375,19,T
1582918383896050558,149,0,,42.3372001648,-71.0867080688,-6.47399997711,328095.5,4689325.0,5.0,193303.796875,19,T
1582918384106904610,150,0,,42.3372001648,-71.0867080688,-6.48600006104,328095.6875,4689325.0,5.0,193304.0,19,T
1582918384295499065,151,0,,42.3372039795,-71.0867080688,-6.43400001526,328095.875,4689325.5,5.0,193304.203125,19,T
1582918384500439811,152,0,,42.3372039795,-71.0867004395,-6.39099979401,328096.0625,4689325.5,5.0,193304.40625,19,T
1582918384865648486,153,0,,42.3372039795,-71.0867004395,-6.38800001144,328096.25,4689325.5,5.0,193304.59375,19,T
1582918384917674910,154,0,,42.3372077942,-71.0867004395,-6.33799982071,328096.4375,4689326.0,5.0,193304.796875,19,T
1582918385105287200,155,0,,42.3372077942,-71.0866928101,-6.30800008774,328096.625,4689326.0,5.0,193305.0,19,T
1582918385302620256,156,0,,42.3372077942,-71.0866928101,-6.26700019836,328096.8125,4689326.0,5.0,193305.203125,19,T
1582918385494888703,157,0,,42.3372116089,-71.0866928101,-6.19500017166,328097.03125,4689326.0,5.0,193305.40625,19,T
1582918385860110123,158,0,,42.3372116089,-71.0866928101,-6.19199991226,328097.1875,4689326.0,5.0,193305.59375,19,T
1582918385912728152,159,0,,42.3372116089,-71.0866851807,-6.15999984741,328097.34375,4689326.5,5.0,193305.796875,19,T
1582918386102317925,160,0,,42.3372116089,-71.0866851807,-6.05399990082,328097.53125,4689326.5,5.0,193306.0,19,T
1582918386297001849,161,0,,42.3372154236,-71.0866851807,-6.03000020981,328097.6875,4689326.5,5.0,193306.203125,19,T
1582918386496628559,162,0,,42.3372154236,-71.0866775513,-6.01800012589,328097.875,4689326.5,5.0,193306.40625,19,T
1582918386693982529,163,0,,42.3372154236,-71.0866775513,-5.96700000763,328098.0625,4689327.0,5.0,193306.59375,19,T
1582918386892618873,164,0,,42.3372192383,-71.0866775513,-5.97700023651,328098.25,4689327.0,5.0,193306.796875,19,T
1582918387090358665,165,0,,42.3372192383,-71.0866775513,-5.95399999619,328098.4375,4689327.0,5.0,193307.0,19,T
1582918387298819694,166,0,,42.3372192383,-71.0866699219,-5.95300006866,328098.65625,4689327.0,5.0,193307.203125,19,T
1582918387495008951,167,0,,42.337223053,-71.0866699219,-5.92100000381,328098.8125,4689327.5,5.0,193307.40625,19,T
1582918387693991002,168,0,,42.337223053,-71.0866699219,-5.91900014877,328099.0,4689327.5,5.0,193307.59375,19,T
1582918388053288944,169,0,,42.337223053,-71.0866622925,-5.86000013351,328099.15625,4689327.5,5.0,193307.796875,19,T
1582918388271758631,170,0,,42.3372268677,-71.0866622925,-5.85400009155,328099.3125,4689327.5,5.0,193308.0,19,T
1582918388449548445,171,0,,42.3372268677,-71.0866622925,-5.8060002327,328099.46875,4689328.0,5.0,193308.203125,19,T
1582918388498242314,172,0,,42.3372268677,-71.0866622925,-5.72100019455,328099.625,4689328.0,5.0,193308.40625,19,T
1582918388702995741,173,0,,42.3372268677,-71.0866546631,-5.73299980164,328099.78125,4689328.0,5.0,193308.59375,19,T
1582918389058365942,174,0,,42.3372306824,-71.0866546631,-5.66499996185,328099.96875,4689328.0,5.0,193308.796875,19,T
1582918389104967399,175,0,,42.3372306824,-71.0866546631,-5.65700006485,328100.15625,4689328.5,5.0,193309.0,19,T
1582918389308028840,176,0,,42.3372306824,-71.0866546631,-5.64099979401,328100.3125,4689328.5,5.0,193309.203125,19,T
1582918389489768764,177,0,,42.3372344971,-71.0866470337,-5.58500003815,328100.5,4689328.5,5.0,193309.40625,19,T
1582918389856388979,178,0,,42.3372344971,-71.0866470337,-5.53100013733,328100.65625,4689328.5,5.0,193309.59375,19,T
1582918390059704236,179,0,,42.3372344971,-71.0866470337,-5.54799985886,328100.84375,4689329.0,5.0,193309.796875,19,T
1582918390267252681,180,0,,42.3372383118,-71.0866394043,-5.50400018692,328101.03125,4689329.0,5.0,193310.0,19,T
1582918390469026737,181,0,,42.3372383118,-71.0866394043,-5.4470000267,328101.21875,4689329.0,5.0,193310.203125,19,T
1582918390683360880,182,0,,42.3372383118,-71.0866394043,-5.43200016022,328101.375,4689329.0,5.0,193310.40625,19,T
1582918390883763159,183,0,,42.3372383118,-71.0866394043,-5.3639998436,328101.5625,4689329.5,5.0,193310.59375,19,T
1582918391088455723,184,0,,42.3372421265,-71.0866317749,-5.33900022507,328101.75,4689329.5,5.0,193310.796875,19,T
1582918391297510352,185,0,,42.3372421265,-71.0866317749,-5.26300001144,328101.90625,4689329.5,5.0,193311.0,19,T
1582918391497029365,186,0,,42.3372421265,-71.0866317749,-5.1810002327,328102.09375,4689329.5,5.0,193311.203125,19,T
1582918391699324115,187,0,,42.3372459412,-71.0866317749,-5.16699981689,328102.28125,4689330.0,5.0,193311.40625,19,T
1582918391901701688,188,0,,42.3372459412,-71.0866241455,-5.09000015259,328102.4375,4689330.0,5.0,193311.59375,19,T
1582918392120046204,189,0,,42.3372459412,-71.0866241455,-5.04300022125,328102.625,4689330.0,5.0,193311.796875,19,T
1582918392349688370,190,0,,42.3372459412,-71.0866241455,-5.07800006866,328102.8125,4689330.0,5.0,193312.0,19,T
1582918392572951783,191,0,,42.3372497559,-71.0866165161,-5.01200008392,328103.0,4689330.5,5.0,193312.203125,19,T
1582918392792076777,192,0,,42.3372497559,-71.0866165161,-4.97599983215,328103.21875,4689330.5,5.0,193312.40625,19,T
1582918393010859320,193,0,,42.3372535706,-71.0866165161,-5.00699996948,328103.375,4689330.5,5.0,193312.59375,19,T
1582918393230558610,194,0,,42.3372535706,-71.0866165161,-4.92700004578,328103.5625,4689330.5,5.0,193312.796875,19,T
1582918393450970901,195,0,,42.3372535706,-71.0866088867,-4.85799980164,328103.71875,4689331.0,5.0,193313.0,19,T
1582918393655956460,196,0,,42.3372535706,-71.0866088867,-4.86499977112,328103.9375,4689331.0,5.0,193313.203125,19,T
1582918393825375793,197,0,,42.3372573853,-71.0866088867,-4.79500007629,328104.125,4689331.0,5.0,193313.40625,19,T
1582918393875451239,198,0,,42.3372573853,-71.0866012573,-4.78200006485,328104.3125,4689331.0,5.0,193313.59375,19,T
1582918393923881108,199,0,,42.3372573853,-71.0866012573,-4.73799991608,328104.46875,4689331.5,5.0,193313.796875,19,T
1582918394106208332,200,0,,42.3372612,-71.0866012573,-4.6859998703,328104.65625,4689331.5,5.0,193314.0,19,T
1582918394306910923,201,0,,42.3372612,-71.0866012573,-4.65399980545,328104.84375,4689331.5,5.0,193314.203125,19,T
1582918394496373121,202,0,,42.3372612,-71.0865936279,-4.62599992752,328105.03125,4689332.0,5.0,193314.40625,19,T
1582918394705181740,203,0,,42.3372650146,-71.0865936279,-4.55800008774,328105.1875,4689332.0,5.0,193314.59375,19,T
1582918394893164518,204,0,,42.3372650146,-71.0865936279,-4.54899978638,328105.375,4689332.0,5.0,193314.796875,19,T
1582918395096047294,205,0,,42.3372688293,-71.0865859985,-4.53299999237,328105.53125,4689332.0,5.0,193315.0,19,T
1582918395295993750,206,0,,42.3372688293,-71.0865859985,-4.49300003052,328105.71875,4689332.5,5.0,193315.203125,19,T
1582918395495892250,207,0,,42.3372688293,-71.0865859985,-4.50299978256,328105.875,4689332.5,5.0,193315.40625,19,T
1582918395699642831,208,0,,42.337272644,-71.0865859985,-4.44600009918,328106.09375,4689332.5,5.0,193315.59375,19,T
1582918395890886192,209,0,,42.337272644,-71.0865783691,-4.37699985504,328106.25,4689333.0,5.0,193315.796875,19,T
1582918396101455783,210,0,,42.337272644,-71.0865783691,-4.38500022888,328106.4375,4689333.0,5.0,193316.0,19,T
1582918396289613038,211,0,,42.3372764587,-71.0865783691,-4.35300016403,328106.625,4689333.0,5.0,193316.203125,19,T
1582918396494187849,212,0,,42.3372764587,-71.0865707397,-4.32600021362,328106.8125,4689333.0,5.0,193316.40625,19,T
1582918396699576637,213,0,,42.3372764587,-71.0865707397,-4.35900020599,328107.03125,4689333.5,5.0,193316.59375,19,T
1582918396888245851,214,0,,42.3372802734,-71.0865707397,-4.28999996185,328107.21875,4689333.5,5.0,193316.796875,19,T
1582918397100558747,215,0,,42.3372802734,-71.0865707397,-4.26900005341,328107.40625,4689333.5,5.0,193317.0,19,T
1582918397296557735,216,0,,42.3372802734,-71.0865631104,-4.26800012589,328107.59375,4689334.0,5.0,193317.203125,19,T
1582918397494158398,217,0,,42.3372840881,-71.0865631104,-4.23999977112,328107.78125,4689334.0,5.0,193317.40625,19,T
1582918397693635302,218,0,,42.3372840881,-71.0865631104,-4.25400018692,328107.96875,4689334.0,5.0,193317.59375,19,T
1582918397890233339,219,0,,42.3372840881,-71.086555481,-4.14499998093,328108.15625,4689334.0,5.0,193317.796875,19,T
1582918398101891009,220,0,,42.3372879028,-71.086555481,-4.13199996948,328108.3125,4689334.5,5.0,193318.0,19,T
1582918398289146550,221,0,,42.3372879028,-71.086555481,-4.13899993896,328108.46875,4689334.5,5.0,193318.203125,19,T
1582918398490426350,222,0,,42.3372879028,-71.086555481,-4.11999988556,328108.65625,4689334.5,5.0,193318.40625,19,T
1582918398692534122,223,0,,42.3372917175,-71.0865478516,-4.12400007248,328108.8125,4689335.0,5.0,193318.59375,19,T
1582918399021709247,224,0,,42.3372917175,-71.0865478516,-4.11499977112,328109.0,4689335.0,5.0,193318.796875,19,T
1582918399213229272,225,0,,42.3372917175,-71.0865478516,-4.07700014114,328109.1875,4689335.0,5.0,193319.0,19,T
1582918399415006576,226,0,,42.3372955322,-71.0865478516,-4.10400009155,328109.34375,4689335.0,5.0,193319.203125,19,T
1582918399642858244,227,0,,42.3372955322,-71.0865402222,-4.132999897,328109.5,4689335.5,5.0,193319.40625,19,T
1582918399694354002,228,0,,42.3372993469,-71.0865402222,-4.11000013351,328109.625,4689335.5,5.0,193319.59375,19,T
1582918400048106828,229,0,,42.3372993469,-71.0865402222,-4.08199977875,328109.75,4689335.5,5.0,193319.796875,19,T
1582918400245985545,230,0,,42.3372993469,-71.0865402222,-4.07899999619,328109.9375,4689335.5,5.0,193320.0,19,T
1582918400298356606,231,0,,42.3372993469,-71.0865325928,-4.05399990082,328110.09375,4689336.0,5.0,193320.203125,19,T
1582918400645434167,232,0,,42.3373031616,-71.0865325928,-4.10099983215,328110.21875,4689336.0,5.0,193320.40625,19,T
1582918400839915896,233,0,,42.3373031616,-71.0865325928,-4.09700012207,328110.28125,4689336.0,5.0,193320.59375,19,T
1582918401032621669,234,0,,42.3373031616,-71.0865325928,-4.07800006866,328110.40625,4689336.0,5.0,193320.796875,19,T
1582918401091170140,235,0,,42.3373031616,-71.0865325928,-4.0640001297,328110.5,4689336.5,5.0,193321.0,19,T
1582918401291729981,236,0,,42.3373069763,-71.0865325928,-4.08699989319,328110.59375,4689336.5,5.0,193321.203125,19,T
1582918401490186420,237,0,,42.3373069763,-71.0865249634,-4.13100004196,328110.65625,4689336.5,5.0,193321.40625,19,T
1582918401689894580,238,0,,42.3373069763,-71.0865249634,-4.09899997711,328110.6875,4689336.5,5.0,193321.59375,19,T
1582918401889590756,239,0,,42.337310791,-71.0865249634,-4.09999990463,328110.6875,4689337.0,5.0,193321.796875,19,T
1582918402100067203,240,0,,42.337310791,-71.0865325928,-4.11499977112,328110.65625,4689337.0,5.0,193322.0,19,T
1582918402289672376,241,0,,42.337310791,-71.0865325928,-4.07000017166,328110.625,4689337.0,5.0,193322.203125,19,T
1582918402647026030,242,0,,42.3373146057,-71.0865325928,-4.07299995422,328110.5625,4689337.0,5.0,193322.40625,19,T
1582918402832529815,243,0,,42.3373146057,-71.0865325928,-4.08599996567,328110.53125,4689337.5,5.0,193322.59375,19,T
1582918402892146566,244,0,,42.3373146057,-71.0865325928,-4.10799980164,328110.46875,4689337.5,5.0,193322.796875,19,T
1582918403089930734,245,0,,42.3373146057,-71.0865325928,-4.04799985886,328110.34375,4689337.5,5.0,193323.0,19,T
1582918403291455700,246,0,,42.3373184204,-71.0865325928,-4.04099988937,328110.28125,4689337.5,5.0,193323.203125,19,T
1582918403490600580,247,0,,42.3373184204,-71.0865325928,-3.98399996758,328110.15625,4689338.0,5.0,193323.40625,19,T
1582918403692501694,248,0,,42.3373184204,-71.0865325928,-3.9470000267,328110.0625,4689338.0,5.0,193323.59375,19,T
1582918403892569529,249,0,,42.3373222351,-71.0865402222,-3.94099998474,328110.0,4689338.0,5.0,193323.796875,19,T
1582918404094210379,250,0,,42.3373222351,-71.0865402222,-3.93499994278,328109.875,4689338.5,5.0,193324.0,19,T
1582918404296113912,251,0,,42.3373260498,-71.0865402222,-3.94400000572,328109.78125,4689338.5,5.0,193324.203125,19,T
1582918404496241613,252,0,,42.3373260498,-71.0865402222,-3.87299990654,328109.65625,4689338.5,5.0,193324.40625,19,T
1582918404694294742,253,0,,42.3373260498,-71.0865402222,-3.92600011826,328109.5625,4689339.0,5.0,193324.59375,19,T
1582918404891985077,254,0,,42.3373298645,-71.0865402222,-3.92600011826,328109.5,4689339.0,5.0,193324.796875,19,T
1582918405091975961,255,0,,42.3373298645,-71.0865478516,-3.875,328109.375,4689339.0,5.0,193325.0,19,T
1582918405297190588,256,0,,42.3373336792,-71.0865478516,-3.83899998665,328109.21875,4689339.5,5.0,193325.203125,19,T
1582918405514728276,257,0,,42.3373336792,-71.0865478516,-3.8259999752,328109.09375,4689339.5,5.0,193325.40625,19,T
1582918405693227029,258,0,,42.3373336792,-71.0865478516,-3.83200001717,328108.96875,4689339.5,5.0,193325.59375,19,T
1582918405891355700,259,0,,42.3373374939,-71.0865478516,-3.78099989891,328108.84375,4689340.0,5.0,193325.796875,19,T
1582918406091696588,260,0,,42.3373374939,-71.086555481,-3.78500008583,328108.6875,4689340.0,5.0,193326.0,19,T
1582918406292243007,261,0,,42.3373413086,-71.086555481,-3.78200006485,328108.5625,4689340.5,5.0,193326.203125,19,T
1582918406492786905,262,0,,42.3373413086,-71.086555481,-3.76999998093,328108.4375,4689340.5,5.0,193326.40625,19,T
1582918406693079479,263,0,,42.3373413086,-71.086555481,-3.68600010872,328108.28125,4689340.5,5.0,193326.59375,19,T
1582918406895063980,264,0,,42.3373451233,-71.0865631104,-3.86500000954,328108.21875,4689341.0,5.0,193326.796875,19,T
1582918407093355804,265,0,,42.3373451233,-71.0865631104,-3.77099990845,328108.09375,4689341.0,5.0,193327.0,19,T
1582918407291192552,266,0,,42.337348938,-71.0865631104,-3.69600009918,328107.96875,4689341.0,5.0,193327.203125,19,T
1582918407487760710,267,0,,42.337348938,-71.0865631104,-3.77500009537,328107.78125,4689341.5,5.0,193327.40625,19,T
1582918407698154110,268,0,,42.337348938,-71.0865631104,-3.76200008392,328107.6875,4689341.5,5.0,193327.59375,19,T
1582918407894899192,269,0,,42.3373527527,-71.0865707397,-3.74499988556,328107.53125,4689341.5,5.0,193327.796875,19,T
1582918408097507505,270,0,,42.3373527527,-71.0865707397,-3.77099990845,328107.40625,4689342.0,5.0,193328.0,19,T
1582918408288861306,271,0,,42.3373565674,-71.0865707397,-3.78699994087,328107.28125,4689342.0,5.0,193328.203125,19,T
1582918408484630794,272,0,,42.3373565674,-71.0865707397,-3.7460000515,328107.125,4689342.0,5.0,193328.40625,19,T
1582918408693676690,273,0,,42.3373603821,-71.0865783691,-3.757999897,328107.0,4689342.5,5.0,193328.59375,19,T
1582918408891409166,274,0,,42.3373603821,-71.0865783691,-3.75300002098,328106.875,4689342.5,5.0,193328.796875,19,T
1582918409087548496,275,0,,42.3373603821,-71.0865783691,-3.75500011444,328106.71875,4689342.5,5.0,193329.0,19,T
1582918409287858585,276,0,,42.3373641968,-71.0865783691,-3.80100011826,328106.5625,4689343.0,5.0,193329.203125,19,T
1582918409496269349,277,0,,42.3373641968,-71.0865783691,-3.6970000267,328106.40625,4689343.0,5.0,193329.40625,19,T
1582918409696949525,278,0,,42.3373680115,-71.0865859985,-3.77699995041,328106.25,4689343.5,5.0,193329.59375,19,T
1582918409894396240,279,0,,42.3373680115,-71.0865859985,-3.79299998283,328106.09375,4689343.5,5.0,193329.796875,19,T
1582918410097307964,280,0,,42.3373680115,-71.0865859985,-3.68700003624,328105.9375,4689343.5,5.0,193330.0,19,T
1582918410285997698,281,0,,42.3373718262,-71.0865936279,-3.79699993134,328105.78125,4689344.0,5.0,193330.203125,19,T
1582918410494611567,282,0,,42.3373718262,-71.0865936279,-3.6740000248,328105.65625,4689344.0,5.0,193330.40625,19,T
1582918410693648939,283,0,,42.3373756409,-71.0865936279,-3.72000002861,328105.5,4689344.0,5.0,193330.59375,19,T
1582918410892689522,284,0,,42.3373756409,-71.0865936279,-3.71600008011,328105.34375,4689344.5,5.0,193330.796875,19,T
1582918411095409271,285,0,,42.3373756409,-71.0865936279,-3.67899990082,328105.1875,4689344.5,5.0,193331.0,19,T
1582918411285914564,286,0,,42.3373794556,-71.0866012573,-3.61599993706,328105.03125,4689344.5,5.0,193331.203125,19,T
1582918411485072518,287,0,,42.3373794556,-71.0866012573,-3.72199988365,328104.84375,4689345.0,5.0,193331.40625,19,T
1582918411695050016,288,0,,42.3373832703,-71.0866012573,-3.67700004578,328104.75,4689345.0,5.0,193331.59375,19,T
1582918411898443944,289,0,,42.3373832703,-71.0866012573,-3.67000007629,328104.5625,4689345.0,5.0,193331.796875,19,T
1582918412091293686,290,0,,42.3373832703,-71.0866088867,-3.65300011635,328104.40625,4689345.5,5.0,193332.0,19,T
1582918412289592352,291,0,,42.337387085,-71.0866088867,-3.58800005913,328104.25,4689345.5,5.0,193332.203125,19,T
1582918412485399221,292,0,,42.337387085,-71.0866088867,-3.64800000191,328104.09375,4689345.5,5.0,193332.40625,19,T
1582918412696769451,293,0,,42.3373908997,-71.0866088867,-3.6740000248,328103.96875,4689346.0,5.0,193332.59375,19,T
1582918412894884076,294,0,,42.3373908997,-71.0866165161,-3.67300009727,328103.84375,4689346.0,5.0,193332.796875,19,T
1582918413096798819,295,0,,42.3373908997,-71.0866165161,-3.62599992752,328103.65625,4689346.0,5.0,193333.0,19,T
1582918413283630130,296,0,,42.3373947144,-71.0866165161,-3.66400003433,328103.5,4689346.5,5.0,193333.203125,19,T
1582918413503010034,297,0,,42.3373947144,-71.0866165161,-3.68700003624,328103.375,4689346.5,5.0,193333.40625,19,T
1582918413695191975,298,0,,42.3373985291,-71.0866241455,-3.63000011444,328103.21875,4689346.5,5.0,193333.59375,19,T
1582918413891574731,299,0,,42.3373985291,-71.0866241455,-3.7460000515,328103.09375,4689347.0,5.0,193333.796875,19,T
1582918414089165914,300,0,,42.3373985291,-71.0866241455,-3.67499995232,328103.0,4689347.0,5.0,193334.0,19,T
1582918414289823176,301,0,,42.3374023438,-71.0866241455,-3.64100003242,328102.84375,4689347.0,5.0,193334.203125,19,T
1582918414486962706,302,0,,42.3374023438,-71.0866317749,-3.84999990463,328102.75,4689347.5,5.0,193334.40625,19,T
1582918414688048212,303,0,,42.3374023438,-71.0866317749,-3.84400010109,328102.59375,4689347.5,5.0,193334.59375,19,T
1582918414898578429,304,0,,42.3374061584,-71.0866317749,-3.79800009727,328102.46875,4689347.5,5.0,193334.796875,19,T
1582918415085723987,305,0,,42.3374061584,-71.0866317749,-3.71000003815,328102.34375,4689348.0,5.0,193335.0,19,T
1582918415298774344,306,0,,42.3374099731,-71.0866317749,-3.80200004578,328102.21875,4689348.0,5.0,193335.203125,19,T
1582918415494970611,307,0,,42.3374099731,-71.0866394043,-3.79600000381,328102.0625,4689348.0,5.0,193335.40625,19,T
1582918415826522516,308,0,,42.3374099731,-71.0866394043,-3.70700001717,328101.90625,4689348.5,5.0,193335.59375,19,T
1582918415894551974,309,0,,42.3374137878,-71.0866394043,-3.70199990273,328101.75,4689348.5,5.0,193335.796875,19,T
1582918416087630806,310,0,,42.3374137878,-71.0866394043,-3.72199988365,328101.65625,4689348.5,5.0,193336.0,19,T
1582918416292502111,311,0,,42.3374176025,-71.0866470337,-3.75999999046,328101.5,4689349.0,5.0,193336.203125,19,T
1582918416487665038,312,0,,42.3374176025,-71.0866470337,-3.71600008011,328101.3125,4689349.0,5.0,193336.40625,19,T
1582918416690846913,313,0,,42.3374176025,-71.0866470337,-3.78900003433,328101.1875,4689349.0,5.0,193336.59375,19,T
1582918417008416615,314,0,,42.3374176025,-71.0866470337,-3.74499988556,328101.0625,4689349.0,5.0,193336.796875,19,T
1582918417091368079,315,0,,42.3374214172,-71.0866470337,-3.73799991608,328100.9375,4689349.5,5.0,193337.0,19,T
1582918417298042660,316,0,,42.3374214172,-71.0866546631,-3.79500007629,328100.78125,4689349.5,5.0,193337.203125,19,T
1582918417483326633,317,0,,42.3374214172,-71.0866546631,-3.76900005341,328100.65625,4689349.5,5.0,193337.40625,19,T
1582918417689994078,318,0,,42.3374214172,-71.0866546631,-3.90000009537,328100.5,4689349.5,5.0,193337.59375,19,T
1582918417885613261,319,0,,42.3374214172,-71.0866546631,-3.83800005913,328100.3125,4689349.5,5.0,193337.796875,19,T
1582918418079440986,320,0,,42.3374214172,-71.0866622925,-3.79999995232,328100.15625,4689349.5,5.0,193338.0,19,T
1582918418285210689,321,0,,42.3374214172,-71.0866622925,-3.70499992371,328100.0,4689349.5,5.0,193338.203125,19,T
1582918418483142308,322,0,,42.3374214172,-71.0866622925,-3.75900006294,328099.8125,4689349.5,5.0,193338.40625,19,T
1582918418690712729,323,0,,42.3374176025,-71.0866622925,-3.79999995232,328099.65625,4689349.5,5.0,193338.59375,19,T
1582918418886738699,324,0,,42.3374176025,-71.0866699219,-3.84999990463,328099.53125,4689349.5,5.0,193338.796875,19,T
1582918419090994295,325,0,,42.3374176025,-71.0866699219,-3.86899995804,328099.375,4689349.0,5.0,193339.0,19,T
1582918419283696971,326,0,,42.3374176025,-71.0866699219,-3.80100011826,328099.25,4689349.0,5.0,193339.203125,19,T
1582918419579030735,327,0,,42.3374176025,-71.0866699219,-3.80900001526,328099.0625,4689349.0,5.0,193339.40625,19,T
1582918419770565845,328,0,,42.3374176025,-71.0866775513,-3.77200007439,328098.90625,4689349.0,5.0,193339.59375,19,T
1582918419987558152,329,0,,42.3374137878,-71.0866775513,-3.75,328098.75,4689349.0,5.0,193339.796875,19,T
1582918420206401159,330,0,,42.3374137878,-71.0866775513,-3.75999999046,328098.5,4689349.0,5.0,193340.0,19,T
1582918420285210102,331,0,,42.3374137878,-71.0866851807,-3.79500007629,328098.3125,4689348.5,5.0,193340.203125,19,T
1582918420598800409,332,0,,42.3374137878,-71.0866851807,-3.78900003433,328098.125,4689348.5,5.0,193340.40625,19,T
1582918420792611172,333,0,,42.3374099731,-71.0866851807,-3.84299993515,328097.9375,4689348.5,5.0,193340.59375,19,T
1582918420892981742,334,0,,42.3374099731,-71.0866928101,-3.86400008202,328097.71875,4689348.5,5.0,193340.796875,19,T
1582918421084562658,335,0,,42.3374099731,-71.0866928101,-3.79200005531,328097.5,4689348.0,5.0,193341.0,19,T
1582918421288296675,336,0,,42.3374061584,-71.0866928101,-3.75999999046,328097.3125,4689348.0,5.0,193341.203125,19,T
1582918421479007767,337,0,,42.3374061584,-71.0866928101,-3.78600001335,328097.125,4689348.0,5.0,193341.40625,19,T
1582918421680203569,338,0,,42.3374061584,-71.0867004395,-3.8029999733,328096.875,4689348.0,5.0,193341.59375,19,T
1582918421883572924,339,0,,42.3374061584,-71.0867004395,-3.80500006676,328096.71875,4689348.0,5.0,193341.796875,19,T
1582918422084584155,340,0,,42.3374023438,-71.0867004395,-3.78800010681,328096.5,4689347.5,5.0,193342.0,19,T
1582918422284092068,341,0,,42.3374023438,-71.0867080688,-3.77500009537,328096.28125,4689347.5,5.0,193342.203125,19,T
1582918422483204369,342,0,,42.3374023438,-71.0867080688,-3.81699991226,328096.125,4689347.5,5.0,193342.40625,19,T
1582918422687442800,343,0,,42.3373985291,-71.0867080688,-3.70700001717,328095.96875,4689347.5,5.0,193342.59375,19,T
1582918422873490907,344,0,,42.3373985291,-71.0867156982,-3.57999992371,328095.78125,4689347.0,5.0,193342.796875,19,T
1582918423073631373,345,0,,42.3373985291,-71.0867156982,-3.72600007057,328095.53125,4689347.0,5.0,193343.0,19,T
1582918423276215706,346,0,,42.3373947144,-71.0867156982,-3.8069999218,328095.3125,4689347.0,5.0,193343.203125,19,T
1582918423473599582,347,0,,42.3373947144,-71.0867233276,-3.85400009155,328095.125,4689346.5,5.0,193343.40625,19,T
1582918423676145706,348,0,,42.3373947144,-71.0867233276,-3.75999999046,328094.9375,4689346.5,5.0,193343.59375,19,T
1582918423884772468,349,0,,42.3373908997,-71.0867233276,-3.81399989128,328094.75,4689346.5,5.0,193343.796875,19,T
1582918424086760092,350,0,,42.3373908997,-71.0867233276,-3.80200004578,328094.5625,4689346.5,5.0,193344.0,19,T
1582918424285356828,351,0,,42.3373908997,-71.086730957,-3.78299999237,328094.40625,4689346.0,5.0,193344.203125,19,T
1582918424594916203,352,0,,42.337387085,-71.086730957,-3.62400007248,328094.21875,4689346.0,5.0,193344.40625,19,T
1582918424684056244,353,0,,42.337387085,-71.086730957,-3.63000011444,328094.03125,4689346.0,5.0,193344.59375,19,T
1582918424881948721,354,0,,42.337387085,-71.0867385864,-3.60400009155,328093.875,4689346.0,5.0,193344.796875,19,T
1582918425081999922,355,0,,42.3373832703,-71.0867385864,-3.53399991989,328093.6875,4689345.5,5.0,193345.0,19,T
1582918425282497546,356,0,,42.3373832703,-71.0867385864,-3.48000001907,328093.53125,4689345.5,5.0,193345.203125,19,T
1582918425483529747,357,0,,42.3373832703,-71.0867385864,-3.5039999485,328093.34375,4689345.5,5.0,193345.40625,19,T
1582918425683591956,358,0,,42.3373832703,-71.0867462158,-3.53999996185,328093.15625,4689345.5,5.0,193345.59375,19,T
1582918425873774976,359,0,,42.3373794556,-71.0867462158,-3.45499992371,328093.0,4689345.0,5.0,193345.796875,19,T
1582918426195067435,360,0,,42.3373794556,-71.0867462158,-3.42499995232,328092.84375,4689345.0,5.0,193346.0,19,T
1582918426286270429,361,0,,42.3373794556,-71.0867462158,-3.48000001907,328092.6875,4689345.0,5.0,193346.203125,19,T
1582918426482430179,362,0,,42.3373756409,-71.0867538452,-3.47300004959,328092.5,4689345.0,5.0,193346.40625,19,T
1582918426686673827,363,0,,42.3373756409,-71.0867538452,-3.50099992752,328092.3125,4689344.5,5.0,193346.59375,19,T
1582918426877011011,364,0,,42.3373756409,-71.0867538452,-3.4279999733,328092.15625,4689344.5,5.0,193346.796875,19,T
1582918427079250374,365,0,,42.3373756409,-71.0867614746,-3.50600004196,328091.96875,4689344.5,5.0,193347.0,19,T
1582918427279781488,366,0,,42.3373718262,-71.0867614746,-3.51399993896,328091.78125,4689344.5,5.0,193347.203125,19,T
1582918427481199814,367,0,,42.3373718262,-71.0867614746,-3.45799994469,328091.5625,4689344.5,5.0,193347.40625,19,T
1582918427684060379,368,0,,42.3373718262,-71.0867614746,-3.54399991035,328091.375,4689344.0,5.0,193347.59375,19,T
1582918427878123124,369,0,,42.3373718262,-71.086769104,-3.54500007629,328091.1875,4689344.0,5.0,193347.796875,19,T
1582918428081209773,370,0,,42.3373680115,-71.086769104,-3.45700001717,328090.96875,4689344.0,5.0,193348.0,19,T
1582918428285669819,371,0,,42.3373680115,-71.086769104,-3.37299990654,328090.75,4689343.5,5.0,193348.203125,19,T
1582918428487851614,372,0,,42.3373680115,-71.0867767334,-3.50600004196,328090.59375,4689343.5,5.0,193348.40625,19,T
1582918428679280880,373,0,,42.3373641968,-71.0867767334,-3.49799990654,328090.375,4689343.5,5.0,193348.59375,19,T
1582918428885095306,374,0,,42.3373641968,-71.0867767334,-3.47399997711,328090.1875,4689343.5,5.0,193348.796875,19,T
1582918429081156759,375,0,,42.3373641968,-71.0867843628,-3.4849998951,328089.96875,4689343.5,5.0,193349.0,19,T
1582918429285848760,376,0,,42.3373603821,-71.0867843628,-3.48200011253,328089.78125,4689343.0,5.0,193349.203125,19,T
1582918429486949718,377,0,,42.3373603821,-71.0867843628,-3.51399993896,328089.59375,4689343.0,5.0,193349.40625,19,T
1582918429680303854,378,0,,42.3373603821,-71.0867919922,-3.49799990654,328089.40625,4689343.0,5.0,193349.59375,19,T
1582918429883866270,379,0,,42.3373565674,-71.0867919922,-3.47300004959,328089.1875,4689342.5,5.0,193349.796875,19,T
1582918430087434725,380,0,,42.3373565674,-71.0867919922,-3.47399997711,328088.96875,4689342.5,5.0,193350.0,19,T
1582918430282626355,381,0,,42.3373565674,-71.0867919922,-3.48699998856,328088.8125,4689342.5,5.0,193350.203125,19,T
1582918430481980213,382,0,,42.3373527527,-71.0867996216,-3.50300002098,328088.625,4689342.0,5.0,193350.40625,19,T
1582918430684608540,383,0,,42.3373527527,-71.0867996216,-3.51999998093,328088.4375,4689342.0,5.0,193350.59375,19,T
1582918430884581766,384,0,,42.337348938,-71.0867996216,-3.62400007248,328088.3125,4689342.0,5.0,193350.796875,19,T
1582918431086231691,385,0,,42.337348938,-71.086807251,-3.53299999237,328088.0625,4689342.0,5.0,193351.0,19,T
1582918431290115478,386,0,,42.337348938,-71.086807251,-3.43799996376,328087.84375,4689341.5,5.0,193351.203125,19,T
1582918431481809125,387,0,,42.3373451233,-71.086807251,-3.50900006294,328087.65625,4689341.5,5.0,193351.40625,19,T
1582918431687424410,388,0,,42.3373451233,-71.0868148804,-3.5569999218,328087.46875,4689341.5,5.0,193351.59375,19,T
1582918431884442775,389,0,,42.3373451233,-71.0868148804,-3.53299999237,328087.28125,4689341.0,5.0,193351.796875,19,T
1582918432086915954,390,0,,42.3373413086,-71.0868148804,-3.5150001049,328087.0625,4689341.0,5.0,193352.0,19,T
1582918432293976427,391,0,,42.3373413086,-71.0868148804,-3.50300002098,328086.875,4689341.0,5.0,193352.203125,19,T
1582918432493102998,392,0,,42.3373413086,-71.0868225098,-3.56599998474,328086.6875,4689341.0,5.0,193352.40625,19,T
1582918432690292742,393,0,,42.3373374939,-71.0868225098,-3.57699990273,328086.46875,4689340.5,5.0,193352.59375,19,T
1582918432885754310,394,0,,42.3373374939,-71.0868225098,-3.58999991417,328086.3125,4689340.5,5.0,193352.796875,19,T
1582918433084656875,395,0,,42.3373336792,-71.0868301392,-3.59400010109,328086.125,4689340.5,5.0,193353.0,19,T
1582918433291952845,396,0,,42.3373336792,-71.0868301392,-3.61400008202,328085.90625,4689340.0,5.0,193353.203125,19,T
1582918433494961884,397,0,,42.3373336792,-71.0868301392,-3.5490000248,328085.71875,4689340.0,5.0,193353.40625,19,T
1582918433691770790,398,0,,42.3373298645,-71.0868377686,-3.58999991417,328085.53125,4689340.0,5.0,193353.59375,19,T
1582918433886407021,399,0,,42.3373298645,-71.0868377686,-3.60700011253,328085.34375,4689339.5,5.0,193353.796875,19,T
1582918434084048551,400,0,,42.3373260498,-71.0868377686,-3.55599999428,328085.1875,4689339.5,5.0,193354.0,19,T
1582918434289659175,401,0,,42.3373260498,-71.0868377686,-3.58899998665,328085.0,4689339.5,5.0,193354.203125,19,T
1582918434493078824,402,0,,42.3373260498,-71.0868453979,-3.56999993324,328084.78125,4689339.0,4.0,193354.40625,19,T
1582918434690795380,403,0,,42.3373222351,-71.0868453979,-3.57500004768,328084.625,4689339.0,4.0,193354.59375,19,T
1582918434887859268,404,0,,42.3373222351,-71.0868453979,-3.59400010109,328084.4375,4689339.0,4.0,193354.796875,19,T
1582918435095483212,405,0,,42.3373184204,-71.0868530273,-3.57100009918,328084.25,4689338.5,4.0,193355.0,19,T
1582918435293696432,406,0,,42.3373184204,-71.0868530273,-3.44899988174,328084.09375,4689338.5,4.0,193355.203125,19,T
1582918435490645081,407,0,,42.3373184204,-71.0868530273,-3.45600008965,328083.90625,4689338.5,4.0,193355.40625,19,T
1582918435697269851,408,0,,42.3373146057,-71.0868530273,-3.41799998283,328083.71875,4689338.0,4.0,193355.59375,19,T
1582918435894314313,409,0,,42.3373146057,-71.0868606567,-3.56299996376,328083.5625,4689338.0,4.0,193355.796875,19,T
1582918436100512243,410,0,,42.3373146057,-71.0868606567,-3.44199991226,328083.34375,4689338.0,4.0,193356.0,19,T
1582918436290853765,411,0,,42.337310791,-71.0868606567,-3.51099991798,328083.1875,4689337.5,4.0,193356.203125,19,T
1582918436502069022,412,0,,42.337310791,-71.0868606567,-3.56100010872,328083.0,4689337.5,4.0,193356.40625,19,T
1582918436686521292,413,0,,42.3373069763,-71.0868682861,-3.54399991035,328082.8125,4689337.5,4.0,193356.59375,19,T
1582918436887510147,414,0,,42.3373069763,-71.0868682861,-3.52200007439,328082.625,4689337.5,4.0,193356.796875,19,T
1582918437101452689,415,0,,42.3373069763,-71.0868682861,-3.5720000267,328082.46875,4689337.0,4.0,193357.0,19,T
1582918437295414101,416,0,,42.3373031616,-71.0868759155,-3.55100011826,328082.3125,4689337.0,4.0,193357.203125,19,T
1582918437491027970,417,0,,42.3373031616,-71.0868759155,-3.54200005531,328082.125,4689337.0,4.0,193357.40625,19,T
1582918437691926512,418,0,,42.3373031616,-71.0868759155,-3.54399991035,328081.96875,4689336.5,4.0,193357.59375,19,T
1582918437901340794,419,0,,42.3372993469,-71.0868759155,-3.54600000381,328081.8125,4689336.5,4.0,193357.796875,19,T
1582918438095888102,420,0,,42.3372993469,-71.0868835449,-3.53399991989,328081.65625,4689336.5,4.0,193358.0,19,T
1582918438294280613,421,0,,42.3372993469,-71.0868835449,-3.56100010872,328081.5,4689336.0,4.0,193358.203125,19,T
1582918438498066736,422,0,,42.3372955322,-71.0868835449,-3.52999997139,328081.375,4689336.0,4.0,193358.40625,19,T
1582918438685605235,423,0,,42.3372955322,-71.0868835449,-3.52300000191,328081.25,4689336.0,4.0,193358.59375,19,T
1582918438893895185,424,0,,42.3372955322,-71.0868835449,-3.54500007629,328081.09375,4689336.0,4.0,193358.796875,19,T
1582918439089187366,425,0,,42.3372917175,-71.0868911743,-3.48900008202,328080.90625,4689335.5,4.0,193359.0,19,T
1582918439289665755,426,0,,42.3372917175,-71.0868911743,-3.4960000515,328080.78125,4689335.5,4.0,193359.203125,19,T
1582918439490790032,427,0,,42.3372879028,-71.0868911743,-3.54600000381,328080.625,4689335.5,4.0,193359.40625,19,T
1582918439686038939,428,0,,42.3372879028,-71.0868911743,-3.66300010681,328080.5625,4689335.0,5.0,193359.59375,19,T
1582918439894893821,429,0,,42.3372879028,-71.0868988037,-3.62199997902,328080.40625,4689335.0,5.0,193359.796875,19,T
1582918440094392407,430,0,,42.3372840881,-71.0868988037,-3.65199995041,328080.28125,4689335.0,5.0,193400.0,19,T
1582918440292371113,431,0,,42.3372840881,-71.0868988037,-3.65000009537,328080.125,4689335.0,5.0,193400.203125,19,T
1582918440490495887,432,0,,42.3372840881,-71.0868988037,-3.61599993706,328079.96875,4689334.5,5.0,193400.40625,19,T
1582918440697814066,433,0,,42.3372802734,-71.0868988037,-3.6779999733,328079.84375,4689334.5,5.0,193400.59375,19,T
1582918440897206663,434,0,,42.3372802734,-71.0869064331,-3.68600010872,328079.71875,4689334.5,5.0,193400.796875,19,T
1582918441092966453,435,0,,42.3372802734,-71.0869064331,-3.68300008774,328079.59375,4689334.0,5.0,193401.0,19,T
1582918441302065181,436,0,,42.3372764587,-71.0869064331,-3.72300004959,328079.4375,4689334.0,5.0,193401.203125,19,T
1582918441495765224,437,0,,42.3372764587,-71.0869064331,-3.73300004005,328079.28125,4689334.0,5.0,193401.40625,19,T
1582918441693930441,438,0,,42.3372764587,-71.0869064331,-3.69499993324,328079.15625,4689334.0,5.0,193401.59375,19,T
1582918441896272749,439,0,,42.337272644,-71.0869140625,-3.75999999046,328079.0,4689333.5,5.0,193401.796875,19,T
1582918442098446258,440,0,,42.337272644,-71.0869140625,-3.77500009537,328078.84375,4689333.5,5.0,193402.0,19,T
1582918442289683288,441,0,,42.337272644,-71.0869140625,-3.75,328078.71875,4689333.5,5.0,193402.203125,19,T
1582918442491202801,442,0,,42.3372688293,-71.0869140625,-3.79299998283,328078.59375,4689333.5,5.0,193402.40625,19,T
1582918442691483279,443,0,,42.3372688293,-71.0869216919,-3.7650001049,328078.4375,4689333.0,5.0,193402.59375,19,T
1582918442901657189,444,0,,42.3372688293,-71.0869216919,-3.75999999046,328078.3125,4689333.0,5.0,193402.796875,19,T
1582918443090534280,445,0,,42.3372650146,-71.0869216919,-3.79600000381,328078.1875,4689333.0,5.0,193403.0,19,T
1582918443295761104,446,0,,42.3372650146,-71.0869216919,-3.80599999428,328078.09375,4689333.0,5.0,193403.203125,19,T
1582918443499325238,447,0,,42.3372650146,-71.0869216919,-3.78500008583,328077.96875,4689332.5,5.0,193403.40625,19,T
1582918443692147370,448,0,,42.3372650146,-71.0869293213,-3.82399988174,328077.84375,4689332.5,5.0,193403.59375,19,T
1582918443894455256,449,0,,42.3372612,-71.0869293213,-3.77699995041,328077.65625,4689332.5,5.0,193403.796875,19,T
1582918444095715296,450,0,,42.3372612,-71.0869293213,-3.79500007629,328077.53125,4689332.5,5.0,193404.0,19,T
1582918444439504375,451,0,,42.3372612,-71.0869293213,-3.78399991989,328077.46875,4689332.0,5.0,193404.203125,19,T
1582918444502484560,452,0,,42.3372612,-71.0869293213,-3.83200001717,328077.375,4689332.0,5.0,193404.40625,19,T
1582918444691340983,453,0,,42.3372573853,-71.0869293213,-3.79500007629,328077.28125,4689332.0,5.0,193404.59375,19,T
1582918444893060944,454,0,,42.3372573853,-71.0869369507,-3.80599999428,328077.1875,4689332.0,5.0,193404.796875,19,T
1582918445097259360,455,0,,42.3372573853,-71.0869369507,-3.80900001526,328077.09375,4689332.0,5.0,193405.0,19,T
1582918445286643165,456,0,,42.3372573853,-71.0869369507,-3.79500007629,328077.03125,4689332.0,5.0,193405.203125,19,T
1582918445488342102,457,0,,42.3372573853,-71.0869369507,-3.81999993324,328077.03125,4689331.5,5.0,193405.40625,19,T
1582918445696201535,458,0,,42.3372535706,-71.0869369507,-3.83500003815,328077.03125,4689331.5,5.0,193405.59375,19,T
1582918445896684846,459,0,,42.3372535706,-71.0869369507,-3.78399991989,328077.03125,4689331.5,5.0,193405.796875,19,T
1582918446103170303,460,0,,42.3372535706,-71.0869369507,-3.77300000191,328077.0625,4689331.5,5.0,193406.0,19,T
1582918446294958043,461,0,,42.3372535706,-71.0869369507,-3.69600009918,328077.09375,4689331.5,5.0,193406.203125,19,T
1582918446497306108,462,0,,42.3372535706,-71.0869369507,-3.50099992752,328077.0625,4689331.5,5.0,193406.40625,19,T
1582918446702468278,463,0,,42.3372535706,-71.0869293213,-3.70000004768,328077.1875,4689331.5,5.0,193406.59375,19,T
1582918446893021143,464,0,,42.3372535706,-71.0869293213,-3.72900009155,328077.25,4689331.5,5.0,193406.796875,19,T
1582918447091569169,465,0,,42.3372535706,-71.0869293213,-3.71499991417,328077.25,4689331.5,5.0,193407.0,19,T
1582918447288384603,466,0,,42.3372535706,-71.0869293213,-3.72399997711,328077.28125,4689331.0,5.0,193407.203125,19,T
1582918447487257822,467,0,,42.3372497559,-71.0869293213,-3.68499994278,328077.28125,4689331.0,5.0,193407.40625,19,T
1582918447694735225,468,0,,42.3372497559,-71.0869293213,-3.67899990082,328077.28125,4689331.0,5.0,193407.59375,19,T
1582918447896258013,469,0,,42.3372497559,-71.0869293213,-3.77500009537,328077.40625,4689331.0,5.0,193407.796875,19,T
1582918448094323875,470,0,,42.3372497559,-71.0869293213,-3.76099991798,328077.4375,4689331.0,5.0,193408.0,19,T
1582918448293147201,471,0,,42.3372497559,-71.0869293213,-3.75,328077.53125,4689331.0,5.0,193408.203125,19,T
1582918448495556877,472,0,,42.3372459412,-71.0869293213,-3.76999998093,328077.59375,4689330.5,5.0,193408.40625,19,T
1582918448695692825,473,0,,42.3372459412,-71.0869293213,-3.76399993896,328077.6875,4689330.5,5.0,193408.59375,19,T
1582918448892223152,474,0,,42.3372459412,-71.0869293213,-3.72000002861,328077.75,4689330.5,5.0,193408.796875,19,T
1582918449091067809,475,0,,42.3372421265,-71.0869216919,-3.73799991608,328077.84375,4689330.5,5.0,193409.0,19,T
1582918449289891775,476,0,,42.3372421265,-71.0869216919,-3.73799991608,328077.9375,4689330.0,5.0,193409.203125,19,T
1582918449499254060,477,0,,42.3372421265,-71.0869216919,-3.73200011253,328078.0625,4689330.0,5.0,193409.40625,19,T
1582918449689997651,478,0,,42.3372383118,-71.0869216919,-3.73699998856,328078.125,4689330.0,5.0,193409.59375,19,T
1582918449889972174,479,0,,42.3372383118,-71.0869216919,-3.71600008011,328078.21875,4689329.5,5.0,193409.796875,19,T
1582918450101435528,480,0,,42.3372383118,-71.0869216919,-3.72499990463,328078.28125,4689329.5,5.0,193410.0,19,T
1582918450434677971,481,0,,42.3372344971,-71.0869216919,-3.70199990273,328078.375,4689329.5,5.0,193410.203125,19,T
1582918450644701281,482,0,,42.3372344971,-71.0869140625,-3.70499992371,328078.4375,4689329.5,5.0,193410.40625,19,T
1582918450691180106,483,0,,42.3372344971,-71.0869140625,-3.70300006866,328078.5,4689329.5,5.0,193410.59375,19,T
1582918450999435301,484,0,,42.3372344971,-71.0869140625,-3.67300009727,328078.5625,4689329.5,5.0,193410.796875,19,T
1582918451194023628,485,0,,42.3372344971,-71.0869140625,-3.65400004387,328078.59375,4689329.0,5.0,193411.0,19,T
1582918451401224699,486,0,,42.3372344971,-71.0869140625,-3.66499996185,328078.625,4689329.0,5.0,193411.203125,19,T
1582918451615275463,487,0,,42.3372344971,-71.0869140625,-3.63899993896,328078.65625,4689329.0,5.0,193411.40625,19,T
1582918451823265276,488,0,,42.3372344971,-71.0869140625,-3.62700009346,328078.6875,4689329.0,5.0,193411.59375,19,T
1582918452014192664,489,0,,42.3372344971,-71.0869140625,-3.61400008202,328078.6875,4689329.0,5.0,193411.796875,19,T
1582918452234595859,490,0,,42.3372344971,-71.0869140625,-3.60800004005,328078.6875,4689329.0,5.0,193412.0,19,T
1582918452434465662,491,0,,42.3372344971,-71.0869140625,-3.60299992561,328078.6875,4689329.0,5.0,193412.203125,19,T
1582918452624332911,492,0,,42.3372344971,-71.0869140625,-3.59800004959,328078.6875,4689329.0,5.0,193412.40625,19,T
1582918452825182563,493,0,,42.3372344971,-71.0869140625,-3.58400011063,328078.6875,4689329.0,5.0,193412.59375,19,T
